GameSeed,GameName,Round,Event,Tick,Turn,PlayerCount,GameID,PenaltiesPerRound(P0_R1),PenaltiesPerRound(P1_R3),PenaltiesPerRound(P0_R2),PenaltiesPerRound(P1_R2),PenaltiesPerRound(P1_R1),PenaltiesPerRound(P0_R0),PenaltiesPerRound(P1_R0),PenaltiesPerRound(P0_R9),PenaltiesPerRound(P0_R7),PenaltiesPerRound(P1_R9),PenaltiesPerRound(P0_R8),PenaltiesPerRound(P1_R8),PenaltiesPerRound(P0_R5),PenaltiesPerRound(P1_R7),PenaltiesPerRound(P0_R6),PenaltiesPerRound(P1_R6),PenaltiesPerRound(P0_R3),PenaltiesPerRound(P1_R5),PenaltiesPerRound(P0_R4),PenaltiesPerRound(P1_R4),GameScore(LeaderGap),GameScore(PlayerName-0),GameScore(Player-1),GameScore(Average),GameScore(Player-0),GameScore(PlayerName-1)
-820989376,Azul,0,ROUND_OVER,18,9,2,2,,,,,,4,0,,,,,,,,,,,,,,0.0,RandomPlayer,0.0,0.0,0.0,MCTSPlayer
-820989376,Azul,1,ROUND_OVER,37,9,2,2,2,,,,4,,,,,,,,,,,,,,,,3.0,RandomPlayer,3.0,1.5,0.0,MCTSPlayer
-820989376,Azul,2,ROUND_OVER,58,10,2,2,,,11,0,,,,,,,,,,,,,,,,,5.0,RandomPlayer,6.0,3.5,1.0,MCTSPlayer
-820989376,Azul,3,ROUND_OVER,79,10,2,2,,2,,,,,,,,,,,,,,,4,,,,12.0,RandomPlayer,12.0,6.0,0.0,MCTSPlayer
-820989376,Azul,4,ROUND_OVER,98,9,2,2,,,,,,,,,,,,,,,,,,,6,6,14.0,RandomPlayer,18.0,11.0,4.0,MCTSPlayer
-820989376,Azul,5,ROUND_OVER,117,9,2,2,,,,,,,,,,,,,11,,,,,8,,,12.0,RandomPlayer,16.0,10.0,4.0,MCTSPlayer
855005387,Azul,0,ROUND_OVER,20,10,2,3,,,,,,0,1,,,,,,,,,,,,,,0.0,MCTSPlayer,0.0,0.0,0.0,RandomPlayer
855005387,Azul,1,ROUND_OVER,37,8,2,3,2,,,,8,,,,,,,,,,,,,,,,3.0,MCTSPlayer,0.0,1.5,3.0,RandomPlayer
855005387,Azul,2,ROUND_OVER,62,12,2,3,,,1,2,,,,,,,,,,,,,,,,,4.0,MCTSPlayer,0.0,2.0,4.0,RandomPlayer
855005387,Azul,3,ROUND_OVER,79,8,2,3,,14,,,,,,,,,,,,,,,0,,,,9.0,MCTSPlayer,4.0,8.5,13.0,RandomPlayer
855005387,Azul,4,ROUND_OVER,100,10,2,3,,,,,,,,,,,,,,,,,,,6,11,21.0,MCTSPlayer,0.0,10.5,21.0,RandomPlayer
855005387,Azul,5,ROUND_OVER,119,9,2,3,,,,,,,,,,,,,14,,,,,6,,,21.0,MCTSPlayer,0.0,10.5,21.0,RandomPlayer
-260765991,Azul,0,ROUND_OVER,18,9,2,4,,,,,,1,0,,,,,,,,,,,,,,0.0,RandomPlayer,0.0,0.0,0.0,MCTSPlayer
-260765991,Azul,1,ROUND_OVER,37,9,2,4,14,,,,1,,,,,,,,,,,,,,,,3.0,RandomPlayer,4.0,2.5,1.0,MCTSPlayer
-260765991,Azul,2,ROUND_OVER,58,10,2,4,,,4,2,,,,,,,,,,,,,,,,,6.0,RandomPlayer,6.0,3.0,0.0,MCTSPlayer
-260765991,Azul,3,ROUND_OVER,75,8,2,4,,1,,,,,,,,,,,,,,,14,,,,10.0,RandomPlayer,10.0,5.0,0.0,MCTSPlayer
-260765991,Azul,4,ROUND_OVER,92,8,2,4,,,,,,,,,,,,,,,,,,,2,1,17.0,RandomPlayer,17.0,8.5,0.0,MCTSPlayer
506942768,Azul,0,ROUND_OVER,18,9,2,5,,,,,,0,4,,,,,,,,,,,,,,0.0,MCTSPlayer,0.0,0.0,0.0,RandomPlayer
506942768,Azul,1,ROUND_OVER,39,10,2,5,1,,,,0,,,,,,,,,,,,,,,,4.0,MCTSPlayer,0.0,2.0,4.0,RandomPlayer
506942768,Azul,2,ROUND_OVER,60,10,2,5,,,2,14,,,,,,,,,,,,,,,,,7.0,MCTSPlayer,1.0,4.5,8.0,RandomPlayer
506942768,Azul,3,ROUND_OVER,79,9,2,5,,14,,,,,,,,,,,,,,,4,,,,10.0,MCTSPlayer,0.0,5.0,10.0,RandomPlayer
506942768,Azul,4,ROUND_OVER,98,9,2,5,,,,,,,,,,,,,,,,,,,4,11,19.0,MCTSPlayer,0.0,9.5,19.0,RandomPlayer
466190749,Azul,0,ROUND_OVER,16,8,2,6,,,,,,1,1,,,,,,,,,,,,,,0.0,MCTSPlayer,0.0,0.0,0.0,RandomPlayer
466190749,Azul,1,ROUND_OVER,37,10,2,6,2,,,,8,,,,,,,,,,,,,,,,2.0,MCTSPlayer,1.0,2.0,3.0,RandomPlayer
466190749,Azul,2,ROUND_OVER,58,10,2,6,,,1,14,,,,,,,,,,,,,,,,,6.0,MCTSPlayer,0.0,3.0,6.0,RandomPlayer
466190749,Azul,3,ROUND_OVER,79,10,2,6,,8,,,,,,,,,,,,,,,2,,,,9.0,MCTSPlayer,0.0,4.5,9.0,RandomPlayer
466190749,Azul,4,ROUND_OVER,98,9,2,6,,,,,,,,,,,,,,,,,,,11,11,10.0,MCTSPlayer,4.0,9.0,14.0,RandomPlayer
-2122736188,Azul,0,ROUND_OVER,20,10,2,7,,,,,,0,1,,,,,,,,,,,,,,0.0,RandomPlayer,0.0,0.0,0.0,MCTSPlayer
-2122736188,Azul,1,ROUND_OVER,35,7,2,7,11,,,,1,,,,,,,,,,,,,,,,1.0,RandomPlayer,2.0,1.5,1.0,MCTSPlayer
-2122736188,Azul,2,ROUND_OVER,54,9,2,7,,,14,1,,,,,,,,,,,,,,,,,3.0,RandomPlayer,3.0,1.5,0.0,MCTSPlayer
-2122736188,Azul,3,ROUND_OVER,73,9,2,7,,1,,,,,,,,,,,,,,,4,,,,6.0,RandomPlayer,6.0,3.0,0.0,MCTSPlayer
-2122736188,Azul,4,ROUND_OVER,90,8,2,7,,,,,,,,,,,,,,,,,,,11,4,4.0,RandomPlayer,9.0,7.0,5.0,MCTSPlayer
-986050787,Azul,0,ROUND_OVER,16,8,2,8,,,,,,0,2,,,,,,,,,,,,,,0.0,MCTSPlayer,0.0,0.0,0.0,RandomPlayer
-986050787,Azul,1,ROUND_OVER,37,10,2,8,1,,,,6,,,,,,,,,,,,,,,,1.0,MCTSPlayer,1.0,1.5,2.0,RandomPlayer
-986050787,Azul,2,ROUND_OVER,60,11,2,8,,,1,14,,,,,,,,,,,,,,,,,7.0,MCTSPlayer,0.0,3.5,7.0,RandomPlayer
-986050787,Azul,3,ROUND_OVER,81,10,2,8,,6,,,,,,,,,,,,,,,8,,,,9.0,MCTSPlayer,0.0,4.5,9.0,RandomPlayer
-986050787,Azul,4,ROUND_OVER,104,11,2,8,,,,,,,,,,,,,,,,,,,2,6,14.0,MCTSPlayer,0.0,7.0,14.0,RandomPlayer
1809151617,Azul,0,ROUND_OVER,16,8,2,9,,,,,,8,0,,,,,,,,,,,,,,0.0,RandomPlayer,0.0,0.0,0.0,MCTSPlayer
1809151617,Azul,1,ROUND_OVER,35,9,2,9,11,,,,1,,,,,,,,,,,,,,,,3.0,RandomPlayer,3.0,1.5,0.0,MCTSPlayer
1809151617,Azul,2,ROUND_OVER,58,11,2,9,,,8,4,,,,,,,,,,,,,,,,,6.0,RandomPlayer,6.0,3.0,0.0,MCTSPlayer
1809151617,Azul,3,ROUND_OVER,81,11,2,9,,8,,,,,,,,,,,,,,,8,,,,11.0,RandomPlayer,11.0,5.5,0.0,MCTSPlayer
1809151617,Azul,4,ROUND_OVER,100,9,2,9,,,,,,,,,,,,,,,,,,,6,4,17.0,RandomPlayer,17.0,8.5,0.0,MCTSPlayer
1906199564,Azul,0,ROUND_OVER,14,7,2,10,,,,,,1,0,,,,,,,,,,,,,,0.0,RandomPlayer,0.0,0.0,0.0,MCTSPlayer
1906199564,Azul,1,ROUND_OVER,33,9,2,10,4,,,,2,,,,,,,,,,,,,,,,3.0,RandomPlayer,3.0,1.5,0.0,MCTSPlayer
1906199564,Azul,2,ROUND_OVER,52,9,2,10,,,8,0,,,,,,,,,,,,,,,,,3.0,RandomPlayer,3.0,1.5,0.0,MCTSPlayer
1906199564,Azul,3,ROUND_OVER,73,10,2,10,,4,,,,,,,,,,,,,,,14,,,,5.0,RandomPlayer,5.0,2.5,0.0,MCTSPlayer
1906199564,Azul,4,ROUND_OVER,94,10,2,10,,,,,,,,,,,,,,,,,,,8,4,9.0,RandomPlayer,9.0,4.5,0.0,MCTSPlayer
-782388062,Azul,0,ROUND_OVER,16,8,2,11,,,,,,0,1,,,,,,,,,,,,,,0.0,MCTSPlayer,0.0,0.0,0.0,RandomPlayer
-782388062,Azul,1,ROUND_OVER,39,11,2,11,1,,,,2,,,,,,,,,,,,,,,,3.0,MCTSPlayer,1.0,2.5,4.0,RandomPlayer
-782388062,Azul,2,ROUND_OVER,60,10,2,11,,,4,11,,,,,,,,,,,,,,,,,4.0,MCTSPlayer,4.0,6.0,8.0,RandomPlayer
-782388062,Azul,3,ROUND_OVER,81,10,2,11,,8,,,,,,,,,,,,,,,2,,,,10.0,MCTSPlayer,0.0,5.0,10.0,RandomPlayer
-782388062,Azul,4,ROUND_OVER,102,10,2,11,,,,,,,,,,,,,,,,,,,11,4,15.0,MCTSPlayer,2.0,9.5,17.0,RandomPlayer
560193383,Azul,0,ROUND_OVER,16,8,2,12,,,,,,0,0,,,,,,,,,,,,,,0.0,MCTSPlayer,0.0,0.0,0.0,RandomPlayer
560193383,Azul,1,ROUND_OVER,35,9,2,12,1,,,,1,,,,,,,,,,,,,,,,2.0,MCTSPlayer,1.0,2.0,3.0,RandomPlayer
560193383,Azul,2,ROUND_OVER,58,11,2,12,,,6,14,,,,,,,,,,,,,,,,,7.0,MCTSPlayer,1.0,4.5,8.0,RandomPlayer
560193383,Azul,3,ROUND_OVER,77,9,2,12,,11,,,,,,,,,,,,,,,1,,,,9.0,MCTSPlayer,0.0,4.5,9.0,RandomPlayer
560193383,Azul,4,ROUND_OVER,96,9,2,12,,,,,,,,,,,,,,,,,,,0,8,13.0,MCTSPlayer,0.0,6.5,13.0,RandomPlayer
560193383,Azul,5,ROUND_OVER,117,10,2,12,,,,,,,,,,,,,4,,,,,6,,,29.0,MCTSPlayer,3.0,17.5,32.0,RandomPlayer
-1293757191,Azul,0,ROUND_OVER,20,10,2,13,,,,,,0,0,,,,,,,,,,,,,,0.0,MCTSPlayer,0.0,0.0,0.0,RandomPlayer
-1293757191,Azul,1,ROUND_OVER,41,10,2,13,2,,,,8,,,,,,,,,,,,,,,,1.0,MCTSPlayer,2.0,2.5,3.0,RandomPlayer
-1293757191,Azul,2,ROUND_OVER,58,8,2,13,,,0,8,,,,,,,,,,,,,,,,,4.0,MCTSPlayer,0.0,2.0,4.0,RandomPlayer
-1293757191,Azul,3,ROUND_OVER,77,9,2,13,,8,,,,,,,,,,,,,,,8,,,,13.0,MCTSPlayer,0.0,6.5,13.0,RandomPlayer
-1293757191,Azul,4,ROUND_OVER,98,10,2,13,,,,,,,,,,,,,,,,,,,4,2,11.0,MCTSPlayer,2.0,7.5,13.0,RandomPlayer
-821089632,Azul,0,ROUND_OVER,16,8,2,14,,,,,,0,6,,,,,,,,,,,,,,0.0,MCTSPlayer,0.0,0.0,0.0,RandomPlayer
-821089632,Azul,1,ROUND_OVER,37,10,2,14,1,,,,8,,,,,,,,,,,,,,,,4.0,MCTSPlayer,0.0,2.0,4.0,RandomPlayer
-821089632,Azul,2,ROUND_OVER,62,12,2,14,,,4,6,,,,,,,,,,,,,,,,,8.0,MCTSPlayer,0.0,4.0,8.0,RandomPlayer
-821089632,Azul,3,ROUND_OVER,83,10,2,14,,8,,,,,,,,,,,,,,,6,,,,7.0,MCTSPlayer,0.0,3.5,7.0,RandomPlayer
-821089632,Azul,4,ROUND_OVER,106,11,2,14,,,,,,,,,,,,,,,,,,,6,6,10.0,MCTSPlayer,0.0,5.0,10.0,RandomPlayer
-578657468,Azul,0,ROUND_OVER,20,10,2,15,,,,,,0,1,,,,,,,,,,,,,,0.0,MCTSPlayer,0.0,0.0,0.0,RandomPlayer
-578657468,Azul,1,ROUND_OVER,41,10,2,15,1,,,,14,,,,,,,,,,,,,,,,1.0,MCTSPlayer,1.0,1.5,2.0,RandomPlayer
-578657468,Azul,2,ROUND_OVER,62,10,2,15,,,4,8,,,,,,,,,,,,,,,,,7.0,MCTSPlayer,0.0,3.5,7.0,RandomPlayer
-578657468,Azul,3,ROUND_OVER,87,12,2,15,,6,,,,,,,,,,,,,,,2,,,,12.0,MCTSPlayer,0.0,6.0,12.0,RandomPlayer
-578657468,Azul,4,ROUND_OVER,106,9,2,15,,,,,,,,,,,,,,,,,,,14,1,15.0,MCTSPlayer,6.0,13.5,21.0,RandomPlayer
656471772,Azul,0,ROUND_OVER,20,10,2,16,,,,,,0,0,,,,,,,,,,,,,,0.0,RandomPlayer,0.0,0.0,0.0,MCTSPlayer
656471772,Azul,1,ROUND_OVER,39,9,2,16,8,,,,1,,,,,,,,,,,,,,,,2.0,RandomPlayer,3.0,2.0,1.0,MCTSPlayer
656471772,Azul,2,ROUND_OVER,60,10,2,16,,,14,0,,,,,,,,,,,,,,,,,4.0,RandomPlayer,4.0,2.0,0.0,MCTSPlayer
656471772,Azul,3,ROUND_OVER,83,11,2,16,,4,,,,,,,,,,,,,,,6,,,,9.0,RandomPlayer,9.0,4.5,0.0,MCTSPlayer
656471772,Azul,4,ROUND_OVER,100,8,2,16,,,,,,,,,,,,,,,,,,,2,6,10.0,RandomPlayer,12.0,7.0,2.0,MCTSPlayer
656471772,Azul,5,ROUND_OVER,117,8,2,16,,,,,,,,,,,,,14,,,,,1,,,7.0,RandomPlayer,12.0,8.5,5.0,MCTSPlayer
-837955950,Azul,0,ROUND_OVER,20,10,2,17,,,,,,1,4,,,,,,,,,,,,,,0.0,MCTSPlayer,0.0,0.0,0.0,RandomPlayer
-837955950,Azul,1,ROUND_OVER,37,8,2,17,1,,,,14,,,,,,,,,,,,,,,,5.0,MCTSPlayer,0.0,2.5,5.0,RandomPlayer
-837955950,Azul,2,ROUND_OVER,54,8,2,17,,,4,8,,,,,,,,,,,,,,,,,9.0,MCTSPlayer,0.0,4.5,9.0,RandomPlayer
-837955950,Azul,3,ROUND_OVER,77,11,2,17,,11,,,,,,,,,,,,,,,2,,,,7.0,MCTSPlayer,0.0,3.5,7.0,RandomPlayer
-837955950,Azul,4,ROUND_OVER,96,9,2,17,,,,,,,,,,,,,,,,,,,8,8,11.0,MCTSPlayer,0.0,5.5,11.0,RandomPlayer
-592757046,Azul,0,ROUND_OVER,18,9,2,18,,,,,,2,0,,,,,,,,,,,,,,0.0,RandomPlayer,0.0,0.0,0.0,MCTSPlayer
-592757046,Azul,1,ROUND_OVER,37,9,2,18,11,,,,1,,,,,,,,,,,,,,,,2.0,RandomPlayer,3.0,2.0,1.0,MCTSPlayer
-592757046,Azul,2,ROUND_OVER,60,11,2,18,,,8,4,,,,,,,,,,,,,,,,,8.0,RandomPlayer,8.0,4.0,0.0,MCTSPlayer
-592757046,Azul,3,ROUND_OVER,79,9,2,18,,2,,,,,,,,,,,,,,,14,,,,8.0,RandomPlayer,8.0,4.0,0.0,MCTSPlayer
-592757046,Azul,4,ROUND_OVER,100,10,2,18,,,,,,,,,,,,,,,,,,,14,1,13.0,RandomPlayer,13.0,6.5,0.0,MCTSPlayer
-1158710781,Azul,0,ROUND_OVER,16,8,2,19,,,,,,2,1,,,,,,,,,,,,,,0.0,RandomPlayer,0.0,0.0,0.0,MCTSPlayer
-1158710781,Azul,1,ROUND_OVER,39,11,2,19,1,,,,1,,,,,,,,,,,,,,,,0.0,RandomPlayer,2.0,2.0,2.0,MCTSPlayer
-1158710781,Azul,2,ROUND_OVER,60,10,2,19,,,6,1,,,,,,,,,,,,,,,,,3.0,RandomPlayer,7.0,5.5,4.0,MCTSPlayer
-1158710781,Azul,3,ROUND_OVER,83,11,2,19,,8,,,,,,,,,,,,,,,11,,,,8.0,RandomPlayer,13.0,9.0,5.0,MCTSPlayer
-1158710781,Azul,4,ROUND_OVER,102,9,2,19,,,,,,,,,,,,,,,,,,,8,8,10.0,RandomPlayer,10.0,5.0,0.0,MCTSPlayer
540411548,Azul,0,ROUND_OVER,18,9,2,20,,,,,,1,0,,,,,,,,,,,,,,0.0,MCTSPlayer,0.0,0.0,0.0,RandomPlayer
540411548,Azul,1,ROUND_OVER,37,9,2,20,1,,,,6,,,,,,,,,,,,,,,,3.0,MCTSPlayer,1.0,2.5,4.0,RandomPlayer
540411548,Azul,2,ROUND_OVER,58,10,2,20,,,2,11,,,,,,,,,,,,,,,,,9.0,MCTSPlayer,0.0,4.5,9.0,RandomPlayer
540411548,Azul,3,ROUND_OVER,77,9,2,20,,6,,,,,,,,,,,,,,,4,,,,9.0,MCTSPlayer,0.0,4.5,9.0,RandomPlayer
540411548,Azul,4,ROUND_OVER,98,10,2,20,,,,,,,,,,,,,,,,,,,1,8,12.0,MCTSPlayer,0.0,6.0,12.0,RandomPlayer
-1173234091,Azul,0,ROUND_OVER,16,8,2,21,,,,,,0,2,,,,,,,,,,,,,,0.0,MCTSPlayer,0.0,0.0,0.0,RandomPlayer
-1173234091,Azul,1,ROUND_OVER,37,10,2,21,1,,,,8,,,,,,,,,,,,,,,,1.0,MCTSPlayer,2.0,2.5,3.0,RandomPlayer
-1173234091,Azul,2,ROUND_OVER,56,9,2,21,,,1,11,,,,,,,,,,,,,,,,,8.0,MCTSPlayer,0.0,4.0,8.0,RandomPlayer
-1173234091,Azul,3,ROUND_OVER,79,11,2,21,,4,,,,,,,,,,,,,,,2,,,,9.0,MCTSPlayer,0.0,4.5,9.0,RandomPlayer
-1173234091,Azul,4,ROUND_OVER,100,10,2,21,,,,,,,,,,,,,,,,,,,4,14,6.0,MCTSPlayer,5.0,8.0,11.0,RandomPlayer
275247138,Azul,0,ROUND_OVER,18,9,2,22,,,,,,4,0,,,,,,,,,,,,,,0.0,RandomPlayer,0.0,0.0,0.0,MCTSPlayer
275247138,Azul,1,ROUND_OVER,41,11,2,22,11,,,,1,,,,,,,,,,,,,,,,3.0,RandomPlayer,3.0,1.5,0.0,MCTSPlayer
275247138,Azul,2,ROUND_OVER,64,11,2,22,,,6,6,,,,,,,,,,,,,,,,,8.0,RandomPlayer,8.0,4.0,0.0,MCTSPlayer
275247138,Azul,3,ROUND_OVER,85,10,2,22,,2,,,,,,,,,,,,,,,6,,,,8.0,RandomPlayer,8.0,4.0,0.0,MCTSPlayer
275247138,Azul,4,ROUND_OVER,106,10,2,22,,,,,,,,,,,,,,,,,,,1,4,12.0,RandomPlayer,12.0,6.0,0.0,MCTSPlayer
275247138,Azul,5,ROUND_OVER,129,11,2,22,,,,,,,,,,,,,14,,,,,4,,,12.0,RandomPlayer,17.0,11.0,5.0,MCTSPlayer
791164969,Azul,0,ROUND_OVER,16,8,2,23,,,,,,4,0,,,,,,,,,,,,,,0.0,RandomPlayer,0.0,0.0,0.0,MCTSPlayer
791164969,Azul,1,ROUND_OVER,35,9,2,23,4,,,,2,,,,,,,,,,,,,,,,3.0,RandomPlayer,3.0,1.5,0.0,MCTSPlayer
791164969,Azul,2,ROUND_OVER,54,9,2,23,,,8,4,,,,,,,,,,,,,,,,,3.0,RandomPlayer,5.0,3.5,2.0,MCTSPlayer
791164969,Azul,3,ROUND_OVER,73,9,2,23,,2,,,,,,,,,,,,,,,14,,,,10.0,RandomPlayer,11.0,6.0,1.0,MCTSPlayer
791164969,Azul,4,ROUND_OVER,94,10,2,23,,,,,,,,,,,,,,,,,,,14,0,11.0,RandomPlayer,11.0,5.5,0.0,MCTSPlayer
791164969,Azul,5,ROUND_OVER,113,9,2,23,,,,,,,,,,,,,8,,,,,8,,,20.0,RandomPlayer,20.0,10.0,0.0,MCTSPlayer
1588588325,Azul,0,ROUND_OVER,18,9,2,24,,,,,,1,11,,,,,,,,,,,,,,0.0,MCTSPlayer,0.0,0.0,0.0,RandomPlayer
1588588325,Azul,1,ROUND_OVER,35,8,2,24,1,,,,6,,,,,,,,,,,,,,,,5.0,MCTSPlayer,0.0,2.5,5.0,RandomPlayer
1588588325,Azul,2,ROUND_OVER,58,11,2,24,,,1,14,,,,,,,,,,,,,,,,,9.0,MCTSPlayer,0.0,4.5,9.0,RandomPlayer
1588588325,Azul,3,ROUND_OVER,77,9,2,24,,14,,,,,,,,,,,,,,,4,,,,14.0,MCTSPlayer,0.0,7.0,14.0,RandomPlayer
1588588325,Azul,4,ROUND_OVER,96,9,2,24,,,,,,,,,,,,,,,,,,,11,8,19.0,MCTSPlayer,0.0,9.5,19.0,RandomPlayer
2069387241,Azul,0,ROUND_OVER,18,9,2,25,,,,,,1,0,,,,,,,,,,,,,,0.0,RandomPlayer,0.0,0.0,0.0,MCTSPlayer
2069387241,Azul,1,ROUND_OVER,37,9,2,25,2,,,,2,,,,,,,,,,,,,,,,2.0,RandomPlayer,3.0,2.0,1.0,MCTSPlayer
2069387241,Azul,2,ROUND_OVER,60,11,2,25,,,1,2,,,,,,,,,,,,,,,,,4.0,RandomPlayer,6.0,4.0,2.0,MCTSPlayer
2069387241,Azul,3,ROUND_OVER,81,10,2,25,,6,,,,,,,,,,,,,,,11,,,,6.0,RandomPlayer,12.0,9.0,6.0,MCTSPlayer
2069387241,Azul,4,ROUND_OVER,102,10,2,25,,,,,,,,,,,,,,,,,,,2,14,15.0,RandomPlayer,15.0,7.5,0.0,MCTSPlayer
537379431,Azul,0,ROUND_OVER,16,8,2,26,,,,,,0,2,,,,,,,,,,,,,,0.0,MCTSPlayer,0.0,0.0,0.0,RandomPlayer
537379431,Azul,1,ROUND_OVER,39,11,2,26,1,,,,4,,,,,,,,,,,,,,,,3.0,MCTSPlayer,0.0,1.5,3.0,RandomPlayer
537379431,Azul,2,ROUND_OVER,60,10,2,26,,,1,14,,,,,,,,,,,,,,,,,7.0,MCTSPlayer,0.0,3.5,7.0,RandomPlayer
537379431,Azul,3,ROUND_OVER,77,8,2,26,,14,,,,,,,,,,,,,,,2,,,,7.0,MCTSPlayer,0.0,3.5,7.0,RandomPlayer
537379431,Azul,4,ROUND_OVER,98,10,2,26,,,,,,,,,,,,,,,,,,,1,1,12.0,MCTSPlayer,0.0,6.0,12.0,RandomPlayer
537379431,Azul,5,ROUND_OVER,117,9,2,26,,,,,,,,,,,,,4,,,,,8,,,16.0,MCTSPlayer,6.0,14.0,22.0,RandomPlayer
-1913912412,Azul,0,ROUND_OVER,18,9,2,27,,,,,,0,4,,,,,,,,,,,,,,0.0,MCTSPlayer,0.0,0.0,0.0,RandomPlayer
-1913912412,Azul,1,ROUND_OVER,35,8,2,27,0,,,,4,,,,,,,,,,,,,,,,3.0,MCTSPlayer,0.0,1.5,3.0,RandomPlayer
-1913912412,Azul,2,ROUND_OVER,52,8,2,27,,,2,4,,,,,,,,,,,,,,,,,8.0,MCTSPlayer,0.0,4.0,8.0,RandomPlayer
-1913912412,Azul,3,ROUND_OVER,73,10,2,27,,14,,,,,,,,,,,,,,,1,,,,16.0,MCTSPlayer,0.0,8.0,16.0,RandomPlayer
-1913912412,Azul,4,ROUND_OVER,98,12,2,27,,,,,,,,,,,,,,,,,,,11,4,19.0,MCTSPlayer,0.0,9.5,19.0,RandomPlayer
1055764472,Azul,0,ROUND_OVER,18,9,2,28,,,,,,0,6,,,,,,,,,,,,,,0.0,MCTSPlayer,0.0,0.0,0.0,RandomPlayer
1055764472,Azul,1,ROUND_OVER,43,12,2,28,2,,,,2,,,,,,,,,,,,,,,,3.0,MCTSPlayer,0.0,1.5,3.0,RandomPlayer
1055764472,Azul,2,ROUND_OVER,66,11,2,28,,,2,6,,,,,,,,,,,,,,,,,7.0,MCTSPlayer,0.0,3.5,7.0,RandomPlayer
1055764472,Azul,3,ROUND_OVER,87,10,2,28,,6,,,,,,,,,,,,,,,1,,,,15.0,MCTSPlayer,0.0,7.5,15.0,RandomPlayer
1055764472,Azul,4,ROUND_OVER,108,10,2,28,,,,,,,,,,,,,,,,,,,0,14,15.0,MCTSPlayer,6.0,13.5,21.0,RandomPlayer
1055764472,Azul,5,ROUND_OVER,129,10,2,28,,,,,,,,,,,,,11,,,,,6,,,26.0,MCTSPlayer,0.0,13.0,26.0,RandomPlayer
212912236,Azul,0,ROUND_OVER,18,9,2,29,,,,,,0,4,,,,,,,,,,,,,,0.0,MCTSPlayer,0.0,0.0,0.0,RandomPlayer
212912236,Azul,1,ROUND_OVER,35,8,2,29,2,,,,8,,,,,,,,,,,,,,,,4.0,MCTSPlayer,0.0,2.0,4.0,RandomPlayer
212912236,Azul,2,ROUND_OVER,54,9,2,29,,,2,14,,,,,,,,,,,,,,,,,6.0,MCTSPlayer,0.0,3.0,6.0,RandomPlayer
212912236,Azul,3,ROUND_OVER,75,10,2,29,,6,,,,,,,,,,,,,,,1,,,,9.0,MCTSPlayer,0.0,4.5,9.0,RandomPlayer
212912236,Azul,4,ROUND_OVER,94,9,2,29,,,,,,,,,,,,,,,,,,,11,1,15.0,MCTSPlayer,1.0,8.5,16.0,RandomPlayer
1745487812,Azul,0,ROUND_OVER,16,8,2,30,,,,,,0,1,,,,,,,,,,,,,,0.0,MCTSPlayer,0.0,0.0,0.0,RandomPlayer
1745487812,Azul,1,ROUND_OVER,35,9,2,30,0,,,,11,,,,,,,,,,,,,,,,4.0,MCTSPlayer,0.0,2.0,4.0,RandomPlayer
1745487812,Azul,2,ROUND_OVER,64,14,2,30,,,2,4,,,,,,,,,,,,,,,,,10.0,MCTSPlayer,0.0,5.0,10.0,RandomPlayer
1745487812,Azul,3,ROUND_OVER,83,9,2,30,,8,,,,,,,,,,,,,,,1,,,,17.0,MCTSPlayer,0.0,8.5,17.0,RandomPlayer
1745487812,Azul,4,ROUND_OVER,106,11,2,30,,,,,,,,,,,,,,,,,,,14,4,20.0,MCTSPlayer,0.0,10.0,20.0,RandomPlayer
907962358,Azul,0,ROUND_OVER,14,7,2,31,,,,,,0,1,,,,,,,,,,,,,,0.0,RandomPlayer,0.0,0.0,0.0,MCTSPlayer
907962358,Azul,1,ROUND_OVER,33,9,2,31,4,,,,2,,,,,,,,,,,,,,,,2.0,RandomPlayer,3.0,2.0,1.0,MCTSPlayer
907962358,Azul,2,ROUND_OVER,54,10,2,31,,,14,2,,,,,,,,,,,,,,,,,8.0,RandomPlayer,8.0,4.0,0.0,MCTSPlayer
907962358,Azul,3,ROUND_OVER,73,9,2,31,,2,,,,,,,,,,,,,,,14,,,,11.0,RandomPlayer,11.0,5.5,0.0,MCTSPlayer
907962358,Azul,4,ROUND_OVER,88,7,2,31,,,,,,,,,,,,,,,,,,,14,2,11.0,RandomPlayer,11.0,5.5,0.0,MCTSPlayer
907962358,Azul,5,ROUND_OVER,109,10,2,31,,,,,,,,,,,,,0,,,,,14,,,13.0,RandomPlayer,13.0,6.5,0.0,MCTSPlayer
1718037885,Azul,0,ROUND_OVER,18,9,2,32,,,,,,1,1,,,,,,,,,,,,,,0.0,MCTSPlayer,0.0,0.0,0.0,RandomPlayer
1718037885,Azul,1,ROUND_OVER,39,10,2,32,0,,,,2,,,,,,,,,,,,,,,,5.0,MCTSPlayer,1.0,3.5,6.0,RandomPlayer
1718037885,Azul,2,ROUND_OVER,56,8,2,32,,,0,14,,,,,,,,,,,,,,,,,6.0,MCTSPlayer,3.0,6.0,9.0,RandomPlayer
1718037885,Azul,3,ROUND_OVER,75,9,2,32,,4,,,,,,,,,,,,,,,6,,,,13.0,MCTSPlayer,0.0,6.5,13.0,RandomPlayer
1718037885,Azul,4,ROUND_OVER,94,9,2,32,,,,,,,,,,,,,,,,,,,4,4,14.0,MCTSPlayer,4.0,11.0,18.0,RandomPlayer
-705818491,Azul,0,ROUND_OVER,18,9,2,33,,,,,,4,0,,,,,,,,,,,,,,0.0,RandomPlayer,0.0,0.0,0.0,MCTSPlayer
-705818491,Azul,1,ROUND_OVER,41,11,2,33,11,,,,1,,,,,,,,,,,,,,,,6.0,RandomPlayer,6.0,3.0,0.0,MCTSPlayer
-705818491,Azul,2,ROUND_OVER,62,10,2,33,,,11,2,,,,,,,,,,,,,,,,,7.0,RandomPlayer,7.0,3.5,0.0,MCTSPlayer
-705818491,Azul,3,ROUND_OVER,81,9,2,33,,2,,,,,,,,,,,,,,,8,,,,10.0,RandomPlayer,10.0,5.0,0.0,MCTSPlayer
-705818491,Azul,4,ROUND_OVER,102,10,2,33,,,,,,,,,,,,,,,,,,,8,6,9.0,RandomPlayer,11.0,6.5,2.0,MCTSPlayer
-705818491,Azul,5,ROUND_OVER,125,11,2,33,,,,,,,,,,,,,14,,,,,6,,,11.0,RandomPlayer,11.0,5.5,0.0,MCTSPlayer
-194186412,Azul,0,ROUND_OVER,20,10,2,34,,,,,,1,1,,,,,,,,,,,,,,0.0,MCTSPlayer,0.0,0.0,0.0,RandomPlayer
-194186412,Azul,1,ROUND_OVER,39,9,2,34,1,,,,11,,,,,,,,,,,,,,,,2.0,MCTSPlayer,0.0,1.0,2.0,RandomPlayer
-194186412,Azul,2,ROUND_OVER,64,12,2,34,,,8,6,,,,,,,,,,,,,,,,,6.0,MCTSPlayer,0.0,3.0,6.0,RandomPlayer
-194186412,Azul,3,ROUND_OVER,85,10,2,34,,8,,,,,,,,,,,,,,,2,,,,11.0,MCTSPlayer,0.0,5.5,11.0,RandomPlayer
-194186412,Azul,4,ROUND_OVER,108,11,2,34,,,,,,,,,,,,,,,,,,,14,11,12.0,MCTSPlayer,3.0,9.0,15.0,RandomPlayer
851153007,Azul,0,ROUND_OVER,16,8,2,35,,,,,,2,0,,,,,,,,,,,,,,0.0,RandomPlayer,0.0,0.0,0.0,MCTSPlayer
851153007,Azul,1,ROUND_OVER,37,10,2,35,1,,,,2,,,,,,,,,,,,,,,,3.0,RandomPlayer,3.0,1.5,0.0,MCTSPlayer
851153007,Azul,2,ROUND_OVER,58,10,2,35,,,4,1,,,,,,,,,,,,,,,,,3.0,RandomPlayer,7.0,5.5,4.0,MCTSPlayer
851153007,Azul,3,ROUND_OVER,75,8,2,35,,1,,,,,,,,,,,,,,,14,,,,15.0,RandomPlayer,17.0,9.5,2.0,MCTSPlayer
851153007,Azul,4,ROUND_OVER,98,11,2,35,,,,,,,,,,,,,,,,,,,4,1,22.0,RandomPlayer,22.0,11.0,0.0,MCTSPlayer
-1317015261,Azul,0,ROUND_OVER,20,10,2,36,,,,,,0,0,,,,,,,,,,,,,,0.0,RandomPlayer,0.0,0.0,0.0,MCTSPlayer
-1317015261,Azul,1,ROUND_OVER,39,9,2,36,14,,,,0,,,,,,,,,,,,,,,,1.0,RandomPlayer,3.0,2.5,2.0,MCTSPlayer
-1317015261,Azul,2,ROUND_OVER,62,11,2,36,,,6,6,,,,,,,,,,,,,,,,,9.0,RandomPlayer,9.0,4.5,0.0,MCTSPlayer
-1317015261,Azul,3,ROUND_OVER,79,8,2,36,,6,,,,,,,,,,,,,,,8,,,,10.0,RandomPlayer,10.0,5.0,0.0,MCTSPlayer
-1317015261,Azul,4,ROUND_OVER,100,10,2,36,,,,,,,,,,,,,,,,,,,8,4,13.0,RandomPlayer,13.0,6.5,0.0,MCTSPlayer
-1603105863,Azul,0,ROUND_OVER,18,9,2,37,,,,,,0,0,,,,,,,,,,,,,,0.0,MCTSPlayer,0.0,0.0,0.0,RandomPlayer
-1603105863,Azul,1,ROUND_OVER,41,11,2,37,0,,,,14,,,,,,,,,,,,,,,,1.0,MCTSPlayer,3.0,3.5,4.0,RandomPlayer
-1603105863,Azul,2,ROUND_OVER,62,10,2,37,,,1,14,,,,,,,,,,,,,,,,,6.0,MCTSPlayer,0.0,3.0,6.0,RandomPlayer
-1603105863,Azul,3,ROUND_OVER,81,9,2,37,,1,,,,,,,,,,,,,,,2,,,,11.0,MCTSPlayer,0.0,5.5,11.0,RandomPlayer
-1603105863,Azul,4,ROUND_OVER,100,9,2,37,,,,,,,,,,,,,,,,,,,6,0,14.0,MCTSPlayer,5.0,12.0,19.0,RandomPlayer
-1603105863,Azul,5,ROUND_OVER,119,9,2,37,,,,,,,,,,,,,6,,,,,6,,,4.0,MCTSPlayer,17.0,19.0,21.0,RandomPlayer
-1524641816,Azul,0,ROUND_OVER,18,9,2,38,,,,,,1,0,,,,,,,,,,,,,,0.0,RandomPlayer,0.0,0.0,0.0,MCTSPlayer
-1524641816,Azul,1,ROUND_OVER,39,10,2,38,4,,,,1,,,,,,,,,,,,,,,,1.0,RandomPlayer,3.0,2.5,2.0,MCTSPlayer
-1524641816,Azul,2,ROUND_OVER,60,10,2,38,,,2,4,,,,,,,,,,,,,,,,,7.0,RandomPlayer,8.0,4.5,1.0,MCTSPlayer
-1524641816,Azul,3,ROUND_OVER,81,10,2,38,,8,,,,,,,,,,,,,,,4,,,,8.0,RandomPlayer,12.0,8.0,4.0,MCTSPlayer
-1524641816,Azul,4,ROUND_OVER,104,11,2,38,,,,,,,,,,,,,,,,,,,4,14,13.0,RandomPlayer,17.0,10.5,4.0,MCTSPlayer
-782388834,Azul,0,ROUND_OVER,16,8,2,39,,,,,,0,4,,,,,,,,,,,,,,0.0,MCTSPlayer,0.0,0.0,0.0,RandomPlayer
-782388834,Azul,1,ROUND_OVER,35,9,2,39,2,,,,11,,,,,,,,,,,,,,,,2.0,MCTSPlayer,0.0,1.0,2.0,RandomPlayer
-782388834,Azul,2,ROUND_OVER,54,9,2,39,,,1,11,,,,,,,,,,,,,,,,,4.0,MCTSPlayer,0.0,2.0,4.0,RandomPlayer
-782388834,Azul,3,ROUND_OVER,75,10,2,39,,6,,,,,,,,,,,,,,,6,,,,8.0,MCTSPlayer,0.0,4.0,8.0,RandomPlayer
-782388834,Azul,4,ROUND_OVER,96,10,2,39,,,,,,,,,,,,,,,,,,,4,14,12.0,MCTSPlayer,0.0,6.0,12.0,RandomPlayer
-167557173,Azul,0,ROUND_OVER,14,7,2,40,,,,,,0,2,,,,,,,,,,,,,,0.0,MCTSPlayer,0.0,0.0,0.0,RandomPlayer
-167557173,Azul,1,ROUND_OVER,33,9,2,40,0,,,,2,,,,,,,,,,,,,,,,2.0,MCTSPlayer,1.0,2.0,3.0,RandomPlayer
-167557173,Azul,2,ROUND_OVER,54,10,2,40,,,2,8,,,,,,,,,,,,,,,,,7.0,MCTSPlayer,1.0,4.5,8.0,RandomPlayer
-167557173,Azul,3,ROUND_OVER,73,9,2,40,,0,,,,,,,,,,,,,,,6,,,,18.0,MCTSPlayer,0.0,9.0,18.0,RandomPlayer
-167557173,Azul,4,ROUND_OVER,98,12,2,40,,,,,,,,,,,,,,,,,,,2,4,17.0,MCTSPlayer,8.0,16.5,25.0,RandomPlayer
-167557173,Azul,5,ROUND_OVER,117,9,2,40,,,,,,,,,,,,,14,,,,,0,,,7.0,MCTSPlayer,18.0,21.5,25.0,RandomPlayer
-1517889282,Azul,0,ROUND_OVER,16,8,2,41,,,,,,0,14,,,,,,,,,,,,,,0.0,MCTSPlayer,0.0,0.0,0.0,RandomPlayer
-1517889282,Azul,1,ROUND_OVER,35,9,2,41,1,,,,2,,,,,,,,,,,,,,,,2.0,MCTSPlayer,0.0,1.0,2.0,RandomPlayer
-1517889282,Azul,2,ROUND_OVER,54,9,2,41,,,2,14,,,,,,,,,,,,,,,,,3.0,MCTSPlayer,0.0,1.5,3.0,RandomPlayer
-1517889282,Azul,3,ROUND_OVER,73,9,2,41,,14,,,,,,,,,,,,,,,0,,,,14.0,MCTSPlayer,0.0,7.0,14.0,RandomPlayer
-1517889282,Azul,4,ROUND_OVER,94,10,2,41,,,,,,,,,,,,,,,,,,,14,8,18.0,MCTSPlayer,0.0,9.0,18.0,RandomPlayer
-1517889282,Azul,5,ROUND_OVER,111,8,2,41,,,,,,,,,,,,,1,,,,,4,,,12.0,MCTSPlayer,0.0,6.0,12.0,RandomPlayer
-1517889282,Azul,6,ROUND_OVER,132,10,2,41,,,,,,,,,,,,,,,8,4,,,,,12.0,MCTSPlayer,0.0,6.0,12.0,RandomPlayer
-2120524025,Azul,0,ROUND_OVER,16,8,2,42,,,,,,0,2,,,,,,,,,,,,,,0.0,RandomPlayer,0.0,0.0,0.0,MCTSPlayer
-2120524025,Azul,1,ROUND_OVER,35,9,2,42,6,,,,1,,,,,,,,,,,,,,,,3.0,RandomPlayer,4.0,2.5,1.0,MCTSPlayer
-2120524025,Azul,2,ROUND_OVER,52,8,2,42,,,8,2,,,,,,,,,,,,,,,,,9.0,RandomPlayer,9.0,4.5,0.0,MCTSPlayer
-2120524025,Azul,3,ROUND_OVER,71,9,2,42,,1,,,,,,,,,,,,,,,4,,,,13.0,RandomPlayer,13.0,6.5,0.0,MCTSPlayer
-2120524025,Azul,4,ROUND_OVER,88,8,2,42,,,,,,,,,,,,,,,,,,,14,0,19.0,RandomPlayer,20.0,10.5,1.0,MCTSPlayer
-2120524025,Azul,5,ROUND_OVER,107,9,2,42,,,,,,,,,,,,,8,,,,,14,,,22.0,RandomPlayer,22.0,11.0,0.0,MCTSPlayer
791352836,Azul,0,ROUND_OVER,20,10,2,43,,,,,,0,6,,,,,,,,,,,,,,0.0,MCTSPlayer,0.0,0.0,0.0,RandomPlayer
791352836,Azul,1,ROUND_OVER,39,9,2,43,4,,,,2,,,,,,,,,,,,,,,,4.0,MCTSPlayer,0.0,2.0,4.0,RandomPlayer
791352836,Azul,2,ROUND_OVER,60,10,2,43,,,1,4,,,,,,,,,,,,,,,,,5.0,MCTSPlayer,2.0,4.5,7.0,RandomPlayer
791352836,Azul,3,ROUND_OVER,75,7,2,43,,14,,,,,,,,,,,,,,,6,,,,12.0,MCTSPlayer,4.0,10.0,16.0,RandomPlayer
791352836,Azul,4,ROUND_OVER,92,8,2,43,,,,,,,,,,,,,,,,,,,14,1,15.0,MCTSPlayer,0.0,7.5,15.0,RandomPlayer
-1311153562,Azul,0,ROUND_OVER,22,11,2,44,,,,,,2,0,,,,,,,,,,,,,,0.0,RandomPlayer,0.0,0.0,0.0,MCTSPlayer
-1311153562,Azul,1,ROUND_OVER,45,11,2,44,14,,,,1,,,,,,,,,,,,,,,,4.0,RandomPlayer,4.0,2.0,0.0,MCTSPlayer
-1311153562,Azul,2,ROUND_OVER,64,9,2,44,,,14,1,,,,,,,,,,,,,,,,,5.0,RandomPlayer,5.0,2.5,0.0,MCTSPlayer
-1311153562,Azul,3,ROUND_OVER,83,9,2,44,,1,,,,,,,,,,,,,,,14,,,,9.0,RandomPlayer,9.0,4.5,0.0,MCTSPlayer
-1311153562,Azul,4,ROUND_OVER,104,10,2,44,,,,,,,,,,,,,,,,,,,11,8,16.0,RandomPlayer,16.0,8.0,0.0,MCTSPlayer
-67364723,Azul,0,ROUND_OVER,22,11,2,45,,,,,,0,1,,,,,,,,,,,,,,0.0,MCTSPlayer,0.0,0.0,0.0,RandomPlayer
-67364723,Azul,1,ROUND_OVER,41,9,2,45,1,,,,2,,,,,,,,,,,,,,,,2.0,MCTSPlayer,2.0,3.0,4.0,RandomPlayer
-67364723,Azul,2,ROUND_OVER,66,12,2,45,,,4,14,,,,,,,,,,,,,,,,,5.0,MCTSPlayer,3.0,5.5,8.0,RandomPlayer
-67364723,Azul,3,ROUND_OVER,85,9,2,45,,14,,,,,,,,,,,,,,,2,,,,8.0,MCTSPlayer,0.0,4.0,8.0,RandomPlayer
-67364723,Azul,4,ROUND_OVER,104,9,2,45,,,,,,,,,,,,,,,,,,,2,14,17.0,MCTSPlayer,0.0,8.5,17.0,RandomPlayer
-67364723,Azul,5,ROUND_OVER,127,11,2,45,,,,,,,,,,,,,8,,,,,11,,,22.0,MCTSPlayer,0.0,11.0,22.0,RandomPlayer
32678965,Azul,0,ROUND_OVER,16,8,2,46,,,,,,0,2,,,,,,,,,,,,,,0.0,MCTSPlayer,0.0,0.0,0.0,RandomPlayer
32678965,Azul,1,ROUND_OVER,37,10,2,46,1,,,,14,,,,,,,,,,,,,,,,3.0,MCTSPlayer,0.0,1.5,3.0,RandomPlayer
32678965,Azul,2,ROUND_OVER,58,10,2,46,,,6,4,,,,,,,,,,,,,,,,,8.0,MCTSPlayer,0.0,4.0,8.0,RandomPlayer
32678965,Azul,3,ROUND_OVER,77,9,2,46,,8,,,,,,,,,,,,,,,6,,,,15.0,MCTSPlayer,1.0,8.5,16.0,RandomPlayer
32678965,Azul,4,ROUND_OVER,94,8,2,46,,,,,,,,,,,,,,,,,,,14,4,19.0,MCTSPlayer,0.0,9.5,19.0,RandomPlayer
-968113653,Azul,0,ROUND_OVER,16,8,2,47,,,,,,1,0,,,,,,,,,,,,,,0.0,RandomPlayer,0.0,0.0,0.0,MCTSPlayer
-968113653,Azul,1,ROUND_OVER,35,9,2,47,2,,,,1,,,,,,,,,,,,,,,,2.0,RandomPlayer,3.0,2.0,1.0,MCTSPlayer
-968113653,Azul,2,ROUND_OVER,56,10,2,47,,,4,1,,,,,,,,,,,,,,,,,8.0,RandomPlayer,10.0,6.0,2.0,MCTSPlayer
-968113653,Azul,3,ROUND_OVER,75,9,2,47,,2,,,,,,,,,,,,,,,14,,,,5.0,RandomPlayer,13.0,10.5,8.0,MCTSPlayer
-968113653,Azul,4,ROUND_OVER,94,9,2,47,,,,,,,,,,,,,,,,,,,4,8,18.0,RandomPlayer,20.0,11.0,2.0,MCTSPlayer
-1269080868,Azul,0,ROUND_OVER,16,8,2,48,,,,,,0,1,,,,,,,,,,,,,,0.0,MCTSPlayer,0.0,0.0,0.0,RandomPlayer
-1269080868,Azul,1,ROUND_OVER,37,10,2,48,1,,,,8,,,,,,,,,,,,,,,,3.0,MCTSPlayer,0.0,1.5,3.0,RandomPlayer
-1269080868,Azul,2,ROUND_OVER,58,10,2,48,,,0,14,,,,,,,,,,,,,,,,,7.0,MCTSPlayer,0.0,3.5,7.0,RandomPlayer
-1269080868,Azul,3,ROUND_OVER,77,9,2,48,,6,,,,,,,,,,,,,,,2,,,,10.0,MCTSPlayer,0.0,5.0,10.0,RandomPlayer
-1269080868,Azul,4,ROUND_OVER,94,8,2,48,,,,,,,,,,,,,,,,,,,11,4,12.0,MCTSPlayer,0.0,6.0,12.0,RandomPlayer
1096004348,Azul,0,ROUND_OVER,24,12,2,49,,,,,,4,0,,,,,,,,,,,,,,0.0,RandomPlayer,0.0,0.0,0.0,MCTSPlayer
1096004348,Azul,1,ROUND_OVER,41,8,2,49,2,,,,4,,,,,,,,,,,,,,,,3.0,RandomPlayer,3.0,1.5,0.0,MCTSPlayer
1096004348,Azul,2,ROUND_OVER,62,10,2,49,,,14,0,,,,,,,,,,,,,,,,,6.0,RandomPlayer,7.0,4.0,1.0,MCTSPlayer
1096004348,Azul,3,ROUND_OVER,81,9,2,49,,2,,,,,,,,,,,,,,,11,,,,13.0,RandomPlayer,13.0,6.5,0.0,MCTSPlayer
1096004348,Azul,4,ROUND_OVER,102,10,2,49,,,,,,,,,,,,,,,,,,,8,14,18.0,RandomPlayer,18.0,9.0,0.0,MCTSPlayer
-1341218696,Azul,0,ROUND_OVER,18,9,2,50,,,,,,0,1,,,,,,,,,,,,,,0.0,MCTSPlayer,0.0,0.0,0.0,RandomPlayer
-1341218696,Azul,1,ROUND_OVER,35,8,2,50,1,,,,4,,,,,,,,,,,,,,,,2.0,MCTSPlayer,1.0,2.0,3.0,RandomPlayer
-1341218696,Azul,2,ROUND_OVER,54,9,2,50,,,2,11,,,,,,,,,,,,,,,,,8.0,MCTSPlayer,0.0,4.0,8.0,RandomPlayer
-1341218696,Azul,3,ROUND_OVER,73,9,2,50,,11,,,,,,,,,,,,,,,11,,,,12.0,MCTSPlayer,0.0,6.0,12.0,RandomPlayer
-1341218696,Azul,4,ROUND_OVER,94,10,2,50,,,,,,,,,,,,,,,,,,,0,14,10.0,MCTSPlayer,0.0,5.0,10.0,RandomPlayer
343991094,Azul,0,ROUND_OVER,18,9,2,51,,,,,,1,0,,,,,,,,,,,,,,0.0,RandomPlayer,0.0,0.0,0.0,MCTSPlayer
343991094,Azul,1,ROUND_OVER,37,9,2,51,4,,,,0,,,,,,,,,,,,,,,,0.0,RandomPlayer,2.0,2.0,2.0,MCTSPlayer
343991094,Azul,2,ROUND_OVER,58,10,2,51,,,2,2,,,,,,,,,,,,,,,,,4.0,RandomPlayer,6.0,4.0,2.0,MCTSPlayer
343991094,Azul,3,ROUND_OVER,75,8,2,51,,4,,,,,,,,,,,,,,,4,,,,8.0,RandomPlayer,16.0,12.0,8.0,MCTSPlayer
343991094,Azul,4,ROUND_OVER,98,11,2,51,,,,,,,,,,,,,,,,,,,4,6,12.0,RandomPlayer,18.0,12.0,6.0,MCTSPlayer
-1230614737,Azul,0,ROUND_OVER,16,8,2,52,,,,,,0,4,,,,,,,,,,,,,,0.0,MCTSPlayer,0.0,0.0,0.0,RandomPlayer
-1230614737,Azul,1,ROUND_OVER,37,10,2,52,1,,,,4,,,,,,,,,,,,,,,,4.0,MCTSPlayer,0.0,2.0,4.0,RandomPlayer
-1230614737,Azul,2,ROUND_OVER,58,10,2,52,,,1,1,,,,,,,,,,,,,,,,,5.0,MCTSPlayer,0.0,2.5,5.0,RandomPlayer
-1230614737,Azul,3,ROUND_OVER,79,10,2,52,,6,,,,,,,,,,,,,,,6,,,,12.0,MCTSPlayer,3.0,9.0,15.0,RandomPlayer
-1230614737,Azul,4,ROUND_OVER,98,9,2,52,,,,,,,,,,,,,,,,,,,14,2,16.0,MCTSPlayer,0.0,8.0,16.0,RandomPlayer
464780683,Azul,0,ROUND_OVER,20,10,2,53,,,,,,1,0,,,,,,,,,,,,,,0.0,RandomPlayer,0.0,0.0,0.0,MCTSPlayer
464780683,Azul,1,ROUND_OVER,39,9,2,53,14,,,,1,,,,,,,,,,,,,,,,0.0,RandomPlayer,3.0,3.0,3.0,MCTSPlayer
464780683,Azul,2,ROUND_OVER,58,9,2,53,,,14,4,,,,,,,,,,,,,,,,,3.0,RandomPlayer,3.0,1.5,0.0,MCTSPlayer
464780683,Azul,3,ROUND_OVER,81,11,2,53,,2,,,,,,,,,,,,,,,8,,,,4.0,RandomPlayer,4.0,2.0,0.0,MCTSPlayer
464780683,Azul,4,ROUND_OVER,98,8,2,53,,,,,,,,,,,,,,,,,,,4,6,10.0,RandomPlayer,10.0,5.0,0.0,MCTSPlayer
-1645493737,Azul,0,ROUND_OVER,16,8,2,54,,,,,,0,4,,,,,,,,,,,,,,0.0,MCTSPlayer,0.0,0.0,0.0,RandomPlayer
-1645493737,Azul,1,ROUND_OVER,37,10,2,54,1,,,,2,,,,,,,,,,,,,,,,4.0,MCTSPlayer,0.0,2.0,4.0,RandomPlayer
-1645493737,Azul,2,ROUND_OVER,56,9,2,54,,,6,4,,,,,,,,,,,,,,,,,4.0,MCTSPlayer,4.0,6.0,8.0,RandomPlayer
-1645493737,Azul,3,ROUND_OVER,77,10,2,54,,14,,,,,,,,,,,,,,,4,,,,5.0,MCTSPlayer,2.0,4.5,7.0,RandomPlayer
-1645493737,Azul,4,ROUND_OVER,98,10,2,54,,,,,,,,,,,,,,,,,,,6,11,9.0,MCTSPlayer,0.0,4.5,9.0,RandomPlayer
644316824,Azul,0,ROUND_OVER,18,9,2,55,,,,,,0,2,,,,,,,,,,,,,,0.0,MCTSPlayer,0.0,0.0,0.0,RandomPlayer
644316824,Azul,1,ROUND_OVER,37,9,2,55,0,,,,6,,,,,,,,,,,,,,,,2.0,MCTSPlayer,0.0,1.0,2.0,RandomPlayer
644316824,Azul,2,ROUND_OVER,54,8,2,55,,,0,6,,,,,,,,,,,,,,,,,8.0,MCTSPlayer,0.0,4.0,8.0,RandomPlayer
644316824,Azul,3,ROUND_OVER,73,9,2,55,,8,,,,,,,,,,,,,,,1,,,,12.0,MCTSPlayer,0.0,6.0,12.0,RandomPlayer
644316824,Azul,4,ROUND_OVER,96,11,2,55,,,,,,,,,,,,,,,,,,,11,2,20.0,MCTSPlayer,0.0,10.0,20.0,RandomPlayer
-89404192,Azul,0,ROUND_OVER,20,10,2,56,,,,,,0,4,,,,,,,,,,,,,,0.0,MCTSPlayer,0.0,0.0,0.0,RandomPlayer
-89404192,Azul,1,ROUND_OVER,41,10,2,56,1,,,,2,,,,,,,,,,,,,,,,3.0,MCTSPlayer,0.0,1.5,3.0,RandomPlayer
-89404192,Azul,2,ROUND_OVER,60,9,2,56,,,2,14,,,,,,,,,,,,,,,,,3.0,MCTSPlayer,2.0,3.5,5.0,RandomPlayer
-89404192,Azul,3,ROUND_OVER,77,8,2,56,,6,,,,,,,,,,,,,,,0,,,,13.0,MCTSPlayer,0.0,6.5,13.0,RandomPlayer
-89404192,Azul,4,ROUND_OVER,98,10,2,56,,,,,,,,,,,,,,,,,,,6,14,22.0,MCTSPlayer,0.0,11.0,22.0,RandomPlayer
-292401219,Azul,0,ROUND_OVER,16,8,2,57,,,,,,0,6,,,,,,,,,,,,,,0.0,MCTSPlayer,0.0,0.0,0.0,RandomPlayer
-292401219,Azul,1,ROUND_OVER,33,8,2,57,1,,,,8,,,,,,,,,,,,,,,,4.0,MCTSPlayer,0.0,2.0,4.0,RandomPlayer
-292401219,Azul,2,ROUND_OVER,52,9,2,57,,,1,11,,,,,,,,,,,,,,,,,7.0,MCTSPlayer,0.0,3.5,7.0,RandomPlayer
-292401219,Azul,3,ROUND_OVER,71,9,2,57,,4,,,,,,,,,,,,,,,8,,,,12.0,MCTSPlayer,0.0,6.0,12.0,RandomPlayer
-292401219,Azul,4,ROUND_OVER,94,11,2,57,,,,,,,,,,,,,,,,,,,11,8,10.0,MCTSPlayer,2.0,7.0,12.0,RandomPlayer
1574440101,Azul,0,ROUND_OVER,18,9,2,58,,,,,,1,0,,,,,,,,,,,,,,0.0,RandomPlayer,0.0,0.0,0.0,MCTSPlayer
1574440101,Azul,1,ROUND_OVER,39,10,2,58,8,,,,0,,,,,,,,,,,,,,,,4.0,RandomPlayer,4.0,2.0,0.0,MCTSPlayer
1574440101,Azul,2,ROUND_OVER,58,9,2,58,,,14,1,,,,,,,,,,,,,,,,,8.0,RandomPlayer,8.0,4.0,0.0,MCTSPlayer
1574440101,Azul,3,ROUND_OVER,75,8,2,58,,2,,,,,,,,,,,,,,,8,,,,10.0,RandomPlayer,10.0,5.0,0.0,MCTSPlayer
1574440101,Azul,4,ROUND_OVER,98,11,2,58,,,,,,,,,,,,,,,,,,,4,6,19.0,RandomPlayer,19.0,9.5,0.0,MCTSPlayer
1574440101,Azul,5,ROUND_OVER,117,9,2,58,,,,,,,,,,,,,14,,,,,8,,,17.0,RandomPlayer,22.0,13.5,5.0,MCTSPlayer
1574440101,Azul,6,ROUND_OVER,136,9,2,58,,,,,,,,,,,,,,,14,11,,,,,12.0,RandomPlayer,17.0,11.0,5.0,MCTSPlayer
2106790538,Azul,0,ROUND_OVER,16,8,2,59,,,,,,0,4,,,,,,,,,,,,,,0.0,MCTSPlayer,0.0,0.0,0.0,RandomPlayer
2106790538,Azul,1,ROUND_OVER,39,11,2,59,2,,,,4,,,,,,,,,,,,,,,,3.0,MCTSPlayer,0.0,1.5,3.0,RandomPlayer
2106790538,Azul,2,ROUND_OVER,56,8,2,59,,,0,14,,,,,,,,,,,,,,,,,6.0,MCTSPlayer,0.0,3.0,6.0,RandomPlayer
2106790538,Azul,3,ROUND_OVER,75,9,2,59,,6,,,,,,,,,,,,,,,11,,,,11.0,MCTSPlayer,0.0,5.5,11.0,RandomPlayer
2106790538,Azul,4,ROUND_OVER,96,10,2,59,,,,,,,,,,,,,,,,,,,6,11,16.0,MCTSPlayer,0.0,8.0,16.0,RandomPlayer
1539339921,Azul,0,ROUND_OVER,16,8,2,60,,,,,,0,2,,,,,,,,,,,,,,0.0,RandomPlayer,0.0,0.0,0.0,MCTSPlayer
1539339921,Azul,1,ROUND_OVER,35,9,2,60,14,,,,0,,,,,,,,,,,,,,,,1.0,RandomPlayer,2.0,1.5,1.0,MCTSPlayer
1539339921,Azul,2,ROUND_OVER,54,9,2,60,,,14,4,,,,,,,,,,,,,,,,,9.0,RandomPlayer,9.0,4.5,0.0,MCTSPlayer
1539339921,Azul,3,ROUND_OVER,75,10,2,60,,8,,,,,,,,,,,,,,,6,,,,11.0,RandomPlayer,11.0,5.5,0.0,MCTSPlayer
1539339921,Azul,4,ROUND_OVER,96,10,2,60,,,,,,,,,,,,,,,,,,,4,6,6.0,RandomPlayer,6.0,3.0,0.0,MCTSPlayer
1539339921,Azul,5,ROUND_OVER,119,11,2,60,,,,,,,,,,,,,14,,,,,4,,,11.0,RandomPlayer,11.0,5.5,0.0,MCTSPlayer
2037407274,Azul,0,ROUND_OVER,16,8,2,61,,,,,,1,2,,,,,,,,,,,,,,0.0,MCTSPlayer,0.0,0.0,0.0,RandomPlayer
2037407274,Azul,1,ROUND_OVER,37,10,2,61,0,,,,4,,,,,,,,,,,,,,,,2.0,MCTSPlayer,0.0,1.0,2.0,RandomPlayer
2037407274,Azul,2,ROUND_OVER,54,8,2,61,,,0,11,,,,,,,,,,,,,,,,,5.0,MCTSPlayer,3.0,5.5,8.0,RandomPlayer
2037407274,Azul,3,ROUND_OVER,73,9,2,61,,11,,,,,,,,,,,,,,,6,,,,11.0,MCTSPlayer,0.0,5.5,11.0,RandomPlayer
2037407274,Azul,4,ROUND_OVER,90,8,2,61,,,,,,,,,,,,,,,,,,,4,6,8.0,MCTSPlayer,0.0,4.0,8.0,RandomPlayer
2037407274,Azul,5,ROUND_OVER,107,8,2,61,,,,,,,,,,,,,1,,,,,14,,,11.0,MCTSPlayer,1.0,6.5,12.0,RandomPlayer
1276984637,Azul,0,ROUND_OVER,18,9,2,62,,,,,,0,2,,,,,,,,,,,,,,0.0,MCTSPlayer,0.0,0.0,0.0,RandomPlayer
1276984637,Azul,1,ROUND_OVER,41,11,2,62,2,,,,6,,,,,,,,,,,,,,,,3.0,MCTSPlayer,0.0,1.5,3.0,RandomPlayer
1276984637,Azul,2,ROUND_OVER,62,10,2,62,,,1,6,,,,,,,,,,,,,,,,,4.0,MCTSPlayer,0.0,2.0,4.0,RandomPlayer
1276984637,Azul,3,ROUND_OVER,83,10,2,62,,4,,,,,,,,,,,,,,,2,,,,2.0,MCTSPlayer,4.0,5.0,6.0,RandomPlayer
1276984637,Azul,4,ROUND_OVER,104,10,2,62,,,,,,,,,,,,,,,,,,,6,8,6.0,MCTSPlayer,10.0,13.0,16.0,RandomPlayer
-1320935529,Azul,0,ROUND_OVER,16,8,2,63,,,,,,1,0,,,,,,,,,,,,,,0.0,MCTSPlayer,0.0,0.0,0.0,RandomPlayer
-1320935529,Azul,1,ROUND_OVER,41,12,2,63,1,,,,6,,,,,,,,,,,,,,,,1.0,MCTSPlayer,4.0,4.5,5.0,RandomPlayer
-1320935529,Azul,2,ROUND_OVER,60,9,2,63,,,1,6,,,,,,,,,,,,,,,,,6.0,MCTSPlayer,0.0,3.0,6.0,RandomPlayer
-1320935529,Azul,3,ROUND_OVER,77,8,2,63,,6,,,,,,,,,,,,,,,0,,,,9.0,MCTSPlayer,1.0,5.5,10.0,RandomPlayer
-1320935529,Azul,4,ROUND_OVER,96,9,2,63,,,,,,,,,,,,,,,,,,,2,14,13.0,MCTSPlayer,0.0,6.5,13.0,RandomPlayer
-1806728725,Azul,0,ROUND_OVER,16,8,2,64,,,,,,6,0,,,,,,,,,,,,,,0.0,RandomPlayer,0.0,0.0,0.0,MCTSPlayer
-1806728725,Azul,1,ROUND_OVER,37,10,2,64,6,,,,4,,,,,,,,,,,,,,,,3.0,RandomPlayer,3.0,1.5,0.0,MCTSPlayer
-1806728725,Azul,2,ROUND_OVER,54,8,2,64,,,8,1,,,,,,,,,,,,,,,,,7.0,RandomPlayer,7.0,3.5,0.0,MCTSPlayer
-1806728725,Azul,3,ROUND_OVER,77,11,2,64,,2,,,,,,,,,,,,,,,1,,,,10.0,RandomPlayer,10.0,5.0,0.0,MCTSPlayer
-1806728725,Azul,4,ROUND_OVER,100,11,2,64,,,,,,,,,,,,,,,,,,,8,6,19.0,RandomPlayer,23.0,13.5,4.0,MCTSPlayer
-812388717,Azul,0,ROUND_OVER,18,9,2,65,,,,,,0,4,,,,,,,,,,,,,,0.0,MCTSPlayer,0.0,0.0,0.0,RandomPlayer
-812388717,Azul,1,ROUND_OVER,39,10,2,65,1,,,,8,,,,,,,,,,,,,,,,4.0,MCTSPlayer,0.0,2.0,4.0,RandomPlayer
-812388717,Azul,2,ROUND_OVER,56,8,2,65,,,2,8,,,,,,,,,,,,,,,,,5.0,MCTSPlayer,0.0,2.5,5.0,RandomPlayer
-812388717,Azul,3,ROUND_OVER,73,8,2,65,,8,,,,,,,,,,,,,,,1,,,,9.0,MCTSPlayer,0.0,4.5,9.0,RandomPlayer
-812388717,Azul,4,ROUND_OVER,90,8,2,65,,,,,,,,,,,,,,,,,,,11,11,15.0,MCTSPlayer,0.0,7.5,15.0,RandomPlayer
1852993294,Azul,0,ROUND_OVER,18,9,2,66,,,,,,1,4,,,,,,,,,,,,,,0.0,MCTSPlayer,0.0,0.0,0.0,RandomPlayer
1852993294,Azul,1,ROUND_OVER,35,8,2,66,6,,,,1,,,,,,,,,,,,,,,,6.0,MCTSPlayer,0.0,3.0,6.0,RandomPlayer
1852993294,Azul,2,ROUND_OVER,58,11,2,66,,,6,8,,,,,,,,,,,,,,,,,7.0,MCTSPlayer,1.0,4.5,8.0,RandomPlayer
1852993294,Azul,3,ROUND_OVER,75,8,2,66,,6,,,,,,,,,,,,,,,8,,,,13.0,MCTSPlayer,0.0,6.5,13.0,RandomPlayer
1852993294,Azul,4,ROUND_OVER,100,12,2,66,,,,,,,,,,,,,,,,,,,6,14,5.0,MCTSPlayer,5.0,7.5,10.0,RandomPlayer
-850801477,Azul,0,ROUND_OVER,20,10,2,67,,,,,,0,2,,,,,,,,,,,,,,0.0,MCTSPlayer,0.0,0.0,0.0,RandomPlayer
-850801477,Azul,1,ROUND_OVER,37,8,2,67,0,,,,14,,,,,,,,,,,,,,,,0.0,MCTSPlayer,1.0,1.0,1.0,RandomPlayer
-850801477,Azul,2,ROUND_OVER,56,9,2,67,,,4,8,,,,,,,,,,,,,,,,,5.0,MCTSPlayer,0.0,2.5,5.0,RandomPlayer
-850801477,Azul,3,ROUND_OVER,71,7,2,67,,8,,,,,,,,,,,,,,,6,,,,11.0,MCTSPlayer,0.0,5.5,11.0,RandomPlayer
-850801477,Azul,4,ROUND_OVER,92,10,2,67,,,,,,,,,,,,,,,,,,,1,14,9.0,MCTSPlayer,2.0,6.5,11.0,RandomPlayer
-714843199,Azul,0,ROUND_OVER,18,9,2,68,,,,,,0,0,,,,,,,,,,,,,,0.0,MCTSPlayer,0.0,0.0,0.0,RandomPlayer
-714843199,Azul,1,ROUND_OVER,39,10,2,68,1,,,,8,,,,,,,,,,,,,,,,1.0,MCTSPlayer,3.0,3.5,4.0,RandomPlayer
-714843199,Azul,2,ROUND_OVER,58,9,2,68,,,2,14,,,,,,,,,,,,,,,,,9.0,MCTSPlayer,0.0,4.5,9.0,RandomPlayer
-714843199,Azul,3,ROUND_OVER,77,9,2,68,,14,,,,,,,,,,,,,,,6,,,,19.0,MCTSPlayer,0.0,9.5,19.0,RandomPlayer
-714843199,Azul,4,ROUND_OVER,98,10,2,68,,,,,,,,,,,,,,,,,,,8,4,21.0,MCTSPlayer,0.0,10.5,21.0,RandomPlayer
914176311,Azul,0,ROUND_OVER,18,9,2,69,,,,,,4,0,,,,,,,,,,,,,,0.0,RandomPlayer,0.0,0.0,0.0,MCTSPlayer
914176311,Azul,1,ROUND_OVER,37,9,2,69,4,,,,1,,,,,,,,,,,,,,,,4.0,RandomPlayer,4.0,2.0,0.0,MCTSPlayer
914176311,Azul,2,ROUND_OVER,56,9,2,69,,,14,0,,,,,,,,,,,,,,,,,8.0,RandomPlayer,8.0,4.0,0.0,MCTSPlayer
914176311,Azul,3,ROUND_OVER,77,10,2,69,,8,,,,,,,,,,,,,,,2,,,,14.0,RandomPlayer,14.0,7.0,0.0,MCTSPlayer
914176311,Azul,4,ROUND_OVER,98,10,2,69,,,,,,,,,,,,,,,,,,,4,6,7.0,RandomPlayer,16.0,12.5,9.0,MCTSPlayer
423953433,Azul,0,ROUND_OVER,16,8,2,70,,,,,,0,2,,,,,,,,,,,,,,0.0,MCTSPlayer,0.0,0.0,0.0,RandomPlayer
423953433,Azul,1,ROUND_OVER,33,8,2,70,0,,,,8,,,,,,,,,,,,,,,,1.0,MCTSPlayer,1.0,1.5,2.0,RandomPlayer
423953433,Azul,2,ROUND_OVER,54,10,2,70,,,2,6,,,,,,,,,,,,,,,,,5.0,MCTSPlayer,0.0,2.5,5.0,RandomPlayer
423953433,Azul,3,ROUND_OVER,75,10,2,70,,14,,,,,,,,,,,,,,,2,,,,10.0,MCTSPlayer,1.0,6.0,11.0,RandomPlayer
423953433,Azul,4,ROUND_OVER,96,10,2,70,,,,,,,,,,,,,,,,,,,4,2,14.0,MCTSPlayer,0.0,7.0,14.0,RandomPlayer
-1076028723,Azul,0,ROUND_OVER,18,9,2,71,,,,,,0,0,,,,,,,,,,,,,,0.0,MCTSPlayer,0.0,0.0,0.0,RandomPlayer
-1076028723,Azul,1,ROUND_OVER,35,8,2,71,1,,,,14,,,,,,,,,,,,,,,,1.0,MCTSPlayer,2.0,2.5,3.0,RandomPlayer
-1076028723,Azul,2,ROUND_OVER,54,9,2,71,,,1,11,,,,,,,,,,,,,,,,,6.0,MCTSPlayer,0.0,3.0,6.0,RandomPlayer
-1076028723,Azul,3,ROUND_OVER,73,9,2,71,,8,,,,,,,,,,,,,,,2,,,,10.0,MCTSPlayer,0.0,5.0,10.0,RandomPlayer
-1076028723,Azul,4,ROUND_OVER,92,9,2,71,,,,,,,,,,,,,,,,,,,14,14,19.0,MCTSPlayer,0.0,9.5,19.0,RandomPlayer
-2077636491,Azul,0,ROUND_OVER,20,10,2,72,,,,,,0,0,,,,,,,,,,,,,,0.0,RandomPlayer,0.0,0.0,0.0,MCTSPlayer
-2077636491,Azul,1,ROUND_OVER,37,8,2,72,11,,,,0,,,,,,,,,,,,,,,,4.0,RandomPlayer,5.0,3.0,1.0,MCTSPlayer
-2077636491,Azul,2,ROUND_OVER,56,9,2,72,,,6,2,,,,,,,,,,,,,,,,,7.0,RandomPlayer,7.0,3.5,0.0,MCTSPlayer
-2077636491,Azul,3,ROUND_OVER,77,10,2,72,,2,,,,,,,,,,,,,,,2,,,,8.0,RandomPlayer,10.0,6.0,2.0,MCTSPlayer
-2077636491,Azul,4,ROUND_OVER,100,11,2,72,,,,,,,,,,,,,,,,,,,11,11,11.0,RandomPlayer,16.0,10.5,5.0,MCTSPlayer
-1605268636,Azul,0,ROUND_OVER,20,10,2,73,,,,,,2,0,,,,,,,,,,,,,,0.0,RandomPlayer,0.0,0.0,0.0,MCTSPlayer
-1605268636,Azul,1,ROUND_OVER,41,10,2,73,2,,,,2,,,,,,,,,,,,,,,,1.0,RandomPlayer,3.0,3.5,4.0,MCTSPlayer
-1605268636,Azul,2,ROUND_OVER,60,9,2,73,,,8,1,,,,,,,,,,,,,,,,,3.0,RandomPlayer,7.0,5.5,4.0,MCTSPlayer
-1605268636,Azul,3,ROUND_OVER,79,9,2,73,,6,,,,,,,,,,,,,,,14,,,,10.0,RandomPlayer,10.0,5.0,0.0,MCTSPlayer
-1605268636,Azul,4,ROUND_OVER,102,11,2,73,,,,,,,,,,,,,,,,,,,14,2,14.0,RandomPlayer,14.0,7.0,0.0,MCTSPlayer
-1605268636,Azul,5,ROUND_OVER,123,10,2,73,,,,,,,,,,,,,14,,,,,4,,,17.0,RandomPlayer,17.0,8.5,0.0,MCTSPlayer
362862137,Azul,0,ROUND_OVER,16,8,2,74,,,,,,0,1,,,,,,,,,,,,,,0.0,MCTSPlayer,0.0,0.0,0.0,RandomPlayer
362862137,Azul,1,ROUND_OVER,35,9,2,74,1,,,,1,,,,,,,,,,,,,,,,2.0,MCTSPlayer,1.0,2.0,3.0,RandomPlayer
362862137,Azul,2,ROUND_OVER,54,9,2,74,,,4,8,,,,,,,,,,,,,,,,,7.0,MCTSPlayer,2.0,5.5,9.0,RandomPlayer
362862137,Azul,3,ROUND_OVER,77,11,2,74,,8,,,,,,,,,,,,,,,6,,,,10.0,MCTSPlayer,0.0,5.0,10.0,RandomPlayer
362862137,Azul,4,ROUND_OVER,100,11,2,74,,,,,,,,,,,,,,,,,,,14,8,13.0,MCTSPlayer,1.0,7.5,14.0,RandomPlayer
-1053336776,Azul,0,ROUND_OVER,18,9,2,75,,,,,,0,0,,,,,,,,,,,,,,0.0,RandomPlayer,0.0,0.0,0.0,MCTSPlayer
-1053336776,Azul,1,ROUND_OVER,41,11,2,75,8,,,,0,,,,,,,,,,,,,,,,3.0,RandomPlayer,5.0,3.5,2.0,MCTSPlayer
-1053336776,Azul,2,ROUND_OVER,62,10,2,75,,,6,4,,,,,,,,,,,,,,,,,8.0,RandomPlayer,8.0,4.0,0.0,MCTSPlayer
-1053336776,Azul,3,ROUND_OVER,79,8,2,75,,4,,,,,,,,,,,,,,,14,,,,9.0,RandomPlayer,9.0,4.5,0.0,MCTSPlayer
-1053336776,Azul,4,ROUND_OVER,98,9,2,75,,,,,,,,,,,,,,,,,,,6,14,15.0,RandomPlayer,15.0,7.5,0.0,MCTSPlayer
160442010,Azul,0,ROUND_OVER,18,9,2,76,,,,,,2,0,,,,,,,,,,,,,,0.0,RandomPlayer,0.0,0.0,0.0,MCTSPlayer
160442010,Azul,1,ROUND_OVER,37,9,2,76,6,,,,4,,,,,,,,,,,,,,,,4.0,RandomPlayer,4.0,2.0,0.0,MCTSPlayer
160442010,Azul,2,ROUND_OVER,60,11,2,76,,,8,2,,,,,,,,,,,,,,,,,10.0,RandomPlayer,10.0,5.0,0.0,MCTSPlayer
160442010,Azul,3,ROUND_OVER,83,11,2,76,,1,,,,,,,,,,,,,,,14,,,,10.0,RandomPlayer,10.0,5.0,0.0,MCTSPlayer
160442010,Azul,4,ROUND_OVER,106,11,2,76,,,,,,,,,,,,,,,,,,,14,4,12.0,RandomPlayer,12.0,6.0,0.0,MCTSPlayer
481623888,Azul,0,ROUND_OVER,18,9,2,77,,,,,,4,0,,,,,,,,,,,,,,0.0,RandomPlayer,0.0,0.0,0.0,MCTSPlayer
481623888,Azul,1,ROUND_OVER,39,10,2,77,8,,,,2,,,,,,,,,,,,,,,,4.0,RandomPlayer,4.0,2.0,0.0,MCTSPlayer
481623888,Azul,2,ROUND_OVER,56,8,2,77,,,14,4,,,,,,,,,,,,,,,,,7.0,RandomPlayer,7.0,3.5,0.0,MCTSPlayer
481623888,Azul,3,ROUND_OVER,75,9,2,77,,2,,,,,,,,,,,,,,,6,,,,8.0,RandomPlayer,8.0,4.0,0.0,MCTSPlayer
481623888,Azul,4,ROUND_OVER,96,10,2,77,,,,,,,,,,,,,,,,,,,8,8,16.0,RandomPlayer,18.0,10.0,2.0,MCTSPlayer
-1736706973,Azul,0,ROUND_OVER,16,8,2,78,,,,,,0,4,,,,,,,,,,,,,,0.0,MCTSPlayer,0.0,0.0,0.0,RandomPlayer
-1736706973,Azul,1,ROUND_OVER,39,11,2,78,1,,,,6,,,,,,,,,,,,,,,,4.0,MCTSPlayer,0.0,2.0,4.0,RandomPlayer
-1736706973,Azul,2,ROUND_OVER,60,10,2,78,,,6,2,,,,,,,,,,,,,,,,,9.0,MCTSPlayer,0.0,4.5,9.0,RandomPlayer
-1736706973,Azul,3,ROUND_OVER,81,10,2,78,,14,,,,,,,,,,,,,,,4,,,,3.0,MCTSPlayer,7.0,8.5,10.0,RandomPlayer
-1736706973,Azul,4,ROUND_OVER,100,9,2,78,,,,,,,,,,,,,,,,,,,11,8,19.0,MCTSPlayer,0.0,9.5,19.0,RandomPlayer
495771121,Azul,0,ROUND_OVER,18,9,2,79,,,,,,1,1,,,,,,,,,,,,,,0.0,RandomPlayer,0.0,0.0,0.0,MCTSPlayer
495771121,Azul,1,ROUND_OVER,37,9,2,79,14,,,,0,,,,,,,,,,,,,,,,1.0,RandomPlayer,2.0,1.5,1.0,MCTSPlayer
495771121,Azul,2,ROUND_OVER,60,11,2,79,,,14,1,,,,,,,,,,,,,,,,,8.0,RandomPlayer,8.0,4.0,0.0,MCTSPlayer
495771121,Azul,3,ROUND_OVER,83,11,2,79,,4,,,,,,,,,,,,,,,8,,,,12.0,RandomPlayer,12.0,6.0,0.0,MCTSPlayer
495771121,Azul,4,ROUND_OVER,100,8,2,79,,,,,,,,,,,,,,,,,,,4,6,15.0,RandomPlayer,15.0,7.5,0.0,MCTSPlayer
-12404773,Azul,0,ROUND_OVER,18,9,2,80,,,,,,0,0,,,,,,,,,,,,,,0.0,MCTSPlayer,0.0,0.0,0.0,RandomPlayer
-12404773,Azul,1,ROUND_OVER,37,9,2,80,4,,,,4,,,,,,,,,,,,,,,,3.0,MCTSPlayer,1.0,2.5,4.0,RandomPlayer
-12404773,Azul,2,ROUND_OVER,56,9,2,80,,,0,11,,,,,,,,,,,,,,,,,7.0,MCTSPlayer,0.0,3.5,7.0,RandomPlayer
-12404773,Azul,3,ROUND_OVER,77,10,2,80,,6,,,,,,,,,,,,,,,6,,,,16.0,MCTSPlayer,0.0,8.0,16.0,RandomPlayer
-12404773,Azul,4,ROUND_OVER,92,7,2,80,,,,,,,,,,,,,,,,,,,8,4,18.0,MCTSPlayer,0.0,9.0,18.0,RandomPlayer
1189567785,Azul,0,ROUND_OVER,20,10,2,81,,,,,,4,0,,,,,,,,,,,,,,0.0,RandomPlayer,0.0,0.0,0.0,MCTSPlayer
1189567785,Azul,1,ROUND_OVER,37,8,2,81,8,,,,1,,,,,,,,,,,,,,,,4.0,RandomPlayer,4.0,2.0,0.0,MCTSPlayer
1189567785,Azul,2,ROUND_OVER,62,12,2,81,,,4,2,,,,,,,,,,,,,,,,,7.0,RandomPlayer,7.0,3.5,0.0,MCTSPlayer
1189567785,Azul,3,ROUND_OVER,83,10,2,81,,0,,,,,,,,,,,,,,,14,,,,6.0,RandomPlayer,11.0,8.0,5.0,MCTSPlayer
1189567785,Azul,4,ROUND_OVER,102,9,2,81,,,,,,,,,,,,,,,,,,,6,4,10.0,RandomPlayer,14.0,9.0,4.0,MCTSPlayer
-307597265,Azul,0,ROUND_OVER,16,8,2,82,,,,,,1,0,,,,,,,,,,,,,,0.0,RandomPlayer,0.0,0.0,0.0,MCTSPlayer
-307597265,Azul,1,ROUND_OVER,35,9,2,82,14,,,,0,,,,,,,,,,,,,,,,2.0,RandomPlayer,2.0,1.0,0.0,MCTSPlayer
-307597265,Azul,2,ROUND_OVER,60,12,2,82,,,6,2,,,,,,,,,,,,,,,,,7.0,RandomPlayer,7.0,3.5,0.0,MCTSPlayer
-307597265,Azul,3,ROUND_OVER,83,11,2,82,,8,,,,,,,,,,,,,,,4,,,,13.0,RandomPlayer,13.0,6.5,0.0,MCTSPlayer
-307597265,Azul,4,ROUND_OVER,106,11,2,82,,,,,,,,,,,,,,,,,,,8,8,12.0,RandomPlayer,13.0,7.0,1.0,MCTSPlayer
-147846492,Azul,0,ROUND_OVER,16,8,2,83,,,,,,0,1,,,,,,,,,,,,,,0.0,MCTSPlayer,0.0,0.0,0.0,RandomPlayer
-147846492,Azul,1,ROUND_OVER,35,9,2,83,0,,,,2,,,,,,,,,,,,,,,,1.0,MCTSPlayer,3.0,2.5,2.0,RandomPlayer
-147846492,Azul,2,ROUND_OVER,56,10,2,83,,,2,2,,,,,,,,,,,,,,,,,1.0,MCTSPlayer,4.0,4.5,5.0,RandomPlayer
-147846492,Azul,3,ROUND_OVER,77,10,2,83,,2,,,,,,,,,,,,,,,6,,,,0.0,MCTSPlayer,9.0,9.0,9.0,RandomPlayer
-147846492,Azul,4,ROUND_OVER,98,10,2,83,,,,,,,,,,,,,,,,,,,4,1,3.0,MCTSPlayer,16.0,14.5,13.0,RandomPlayer
-1255271398,Azul,0,ROUND_OVER,18,9,2,84,,,,,,0,0,,,,,,,,,,,,,,0.0,RandomPlayer,0.0,0.0,0.0,MCTSPlayer
-1255271398,Azul,1,ROUND_OVER,35,8,2,84,14,,,,1,,,,,,,,,,,,,,,,2.0,RandomPlayer,4.0,3.0,2.0,MCTSPlayer
-1255271398,Azul,2,ROUND_OVER,58,11,2,84,,,4,1,,,,,,,,,,,,,,,,,6.0,RandomPlayer,6.0,3.0,0.0,MCTSPlayer
-1255271398,Azul,3,ROUND_OVER,77,9,2,84,,2,,,,,,,,,,,,,,,2,,,,9.0,RandomPlayer,12.0,7.5,3.0,MCTSPlayer
-1255271398,Azul,4,ROUND_OVER,100,11,2,84,,,,,,,,,,,,,,,,,,,14,2,3.0,RandomPlayer,17.0,15.5,14.0,MCTSPlayer
1218804073,Azul,0,ROUND_OVER,16,8,2,85,,,,,,6,0,,,,,,,,,,,,,,0.0,RandomPlayer,0.0,0.0,0.0,MCTSPlayer
1218804073,Azul,1,ROUND_OVER,39,11,2,85,6,,,,0,,,,,,,,,,,,,,,,3.0,RandomPlayer,3.0,1.5,0.0,MCTSPlayer
1218804073,Azul,2,ROUND_OVER,58,9,2,85,,,14,2,,,,,,,,,,,,,,,,,7.0,RandomPlayer,7.0,3.5,0.0,MCTSPlayer
1218804073,Azul,3,ROUND_OVER,77,9,2,85,,1,,,,,,,,,,,,,,,11,,,,7.0,RandomPlayer,7.0,3.5,0.0,MCTSPlayer
1218804073,Azul,4,ROUND_OVER,102,12,2,85,,,,,,,,,,,,,,,,,,,11,2,9.0,RandomPlayer,9.0,4.5,0.0,MCTSPlayer
1218804073,Azul,5,ROUND_OVER,125,11,2,85,,,,,,,,,,,,,11,,,,,2,,,9.0,RandomPlayer,9.0,4.5,0.0,MCTSPlayer
-100466793,Azul,0,ROUND_OVER,16,8,2,86,,,,,,8,0,,,,,,,,,,,,,,0.0,RandomPlayer,0.0,0.0,0.0,MCTSPlayer
-100466793,Azul,1,ROUND_OVER,35,9,2,86,4,,,,0,,,,,,,,,,,,,,,,3.0,RandomPlayer,3.0,1.5,0.0,MCTSPlayer
-100466793,Azul,2,ROUND_OVER,56,10,2,86,,,4,4,,,,,,,,,,,,,,,,,9.0,RandomPlayer,9.0,4.5,0.0,MCTSPlayer
-100466793,Azul,3,ROUND_OVER,77,10,2,86,,6,,,,,,,,,,,,,,,8,,,,9.0,RandomPlayer,9.0,4.5,0.0,MCTSPlayer
-100466793,Azul,4,ROUND_OVER,96,9,2,86,,,,,,,,,,,,,,,,,,,14,2,19.0,RandomPlayer,19.0,9.5,0.0,MCTSPlayer
-1305454288,Azul,0,ROUND_OVER,18,9,2,87,,,,,,2,4,,,,,,,,,,,,,,0.0,MCTSPlayer,0.0,0.0,0.0,RandomPlayer
-1305454288,Azul,1,ROUND_OVER,39,10,2,87,1,,,,1,,,,,,,,,,,,,,,,8.0,MCTSPlayer,0.0,4.0,8.0,RandomPlayer
-1305454288,Azul,2,ROUND_OVER,58,9,2,87,,,6,2,,,,,,,,,,,,,,,,,9.0,MCTSPlayer,2.0,6.5,11.0,RandomPlayer
-1305454288,Azul,3,ROUND_OVER,79,10,2,87,,2,,,,,,,,,,,,,,,8,,,,9.0,MCTSPlayer,2.0,6.5,11.0,RandomPlayer
-1305454288,Azul,4,ROUND_OVER,100,10,2,87,,,,,,,,,,,,,,,,,,,0,4,10.0,MCTSPlayer,7.0,12.0,17.0,RandomPlayer
2052598491,Azul,0,ROUND_OVER,20,10,2,88,,,,,,0,1,,,,,,,,,,,,,,0.0,MCTSPlayer,0.0,0.0,0.0,RandomPlayer
2052598491,Azul,1,ROUND_OVER,43,11,2,88,6,,,,1,,,,,,,,,,,,,,,,2.0,MCTSPlayer,2.0,3.0,4.0,RandomPlayer
2052598491,Azul,2,ROUND_OVER,64,10,2,88,,,0,11,,,,,,,,,,,,,,,,,0.0,MCTSPlayer,3.0,3.0,3.0,RandomPlayer
2052598491,Azul,3,ROUND_OVER,81,8,2,88,,14,,,,,,,,,,,,,,,1,,,,13.0,MCTSPlayer,0.0,6.5,13.0,RandomPlayer
2052598491,Azul,4,ROUND_OVER,100,9,2,88,,,,,,,,,,,,,,,,,,,4,14,18.0,MCTSPlayer,0.0,9.0,18.0,RandomPlayer
-275667857,Azul,0,ROUND_OVER,16,8,2,89,,,,,,6,0,,,,,,,,,,,,,,0.0,RandomPlayer,0.0,0.0,0.0,MCTSPlayer
-275667857,Azul,1,ROUND_OVER,35,9,2,89,8,,,,2,,,,,,,,,,,,,,,,3.0,RandomPlayer,3.0,1.5,0.0,MCTSPlayer
-275667857,Azul,2,ROUND_OVER,60,12,2,89,,,6,4,,,,,,,,,,,,,,,,,8.0,RandomPlayer,8.0,4.0,0.0,MCTSPlayer
-275667857,Azul,3,ROUND_OVER,77,8,2,89,,14,,,,,,,,,,,,,,,2,,,,15.0,RandomPlayer,15.0,7.5,0.0,MCTSPlayer
-275667857,Azul,4,ROUND_OVER,104,13,2,89,,,,,,,,,,,,,,,,,,,14,4,4.0,RandomPlayer,9.0,7.0,5.0,MCTSPlayer
1636136701,Azul,0,ROUND_OVER,18,9,2,90,,,,,,0,0,,,,,,,,,,,,,,0.0,RandomPlayer,0.0,0.0,0.0,MCTSPlayer
1636136701,Azul,1,ROUND_OVER,37,9,2,90,11,,,,0,,,,,,,,,,,,,,,,0.0,RandomPlayer,3.0,3.0,3.0,MCTSPlayer
1636136701,Azul,2,ROUND_OVER,60,11,2,90,,,8,8,,,,,,,,,,,,,,,,,5.0,RandomPlayer,5.0,2.5,0.0,MCTSPlayer
1636136701,Azul,3,ROUND_OVER,77,8,2,90,,2,,,,,,,,,,,,,,,11,,,,10.0,RandomPlayer,10.0,5.0,0.0,MCTSPlayer
1636136701,Azul,4,ROUND_OVER,102,12,2,90,,,,,,,,,,,,,,,,,,,14,1,16.0,RandomPlayer,16.0,8.0,0.0,MCTSPlayer
-1207181994,Azul,0,ROUND_OVER,18,9,2,91,,,,,,2,0,,,,,,,,,,,,,,0.0,RandomPlayer,0.0,0.0,0.0,MCTSPlayer
-1207181994,Azul,1,ROUND_OVER,39,10,2,91,2,,,,4,,,,,,,,,,,,,,,,5.0,RandomPlayer,5.0,2.5,0.0,MCTSPlayer
-1207181994,Azul,2,ROUND_OVER,56,8,2,91,,,14,1,,,,,,,,,,,,,,,,,5.0,RandomPlayer,6.0,3.5,1.0,MCTSPlayer
-1207181994,Azul,3,ROUND_OVER,73,8,2,91,,14,,,,,,,,,,,,,,,4,,,,16.0,RandomPlayer,16.0,8.0,0.0,MCTSPlayer
-1207181994,Azul,4,ROUND_OVER,92,9,2,91,,,,,,,,,,,,,,,,,,,14,8,13.0,RandomPlayer,13.0,6.5,0.0,MCTSPlayer
1424783075,Azul,0,ROUND_OVER,18,9,2,92,,,,,,2,0,,,,,,,,,,,,,,0.0,RandomPlayer,0.0,0.0,0.0,MCTSPlayer
1424783075,Azul,1,ROUND_OVER,37,9,2,92,11,,,,1,,,,,,,,,,,,,,,,2.0,RandomPlayer,2.0,1.0,0.0,MCTSPlayer
1424783075,Azul,2,ROUND_OVER,56,9,2,92,,,4,1,,,,,,,,,,,,,,,,,5.0,RandomPlayer,5.0,2.5,0.0,MCTSPlayer
1424783075,Azul,3,ROUND_OVER,77,10,2,92,,2,,,,,,,,,,,,,,,14,,,,7.0,RandomPlayer,7.0,3.5,0.0,MCTSPlayer
1424783075,Azul,4,ROUND_OVER,98,10,2,92,,,,,,,,,,,,,,,,,,,14,2,13.0,RandomPlayer,13.0,6.5,0.0,MCTSPlayer
-738525365,Azul,0,ROUND_OVER,18,9,2,93,,,,,,1,1,,,,,,,,,,,,,,0.0,MCTSPlayer,0.0,0.0,0.0,RandomPlayer
-738525365,Azul,1,ROUND_OVER,35,8,2,93,1,,,,8,,,,,,,,,,,,,,,,2.0,MCTSPlayer,0.0,1.0,2.0,RandomPlayer
-738525365,Azul,2,ROUND_OVER,56,10,2,93,,,2,11,,,,,,,,,,,,,,,,,5.0,MCTSPlayer,0.0,2.5,5.0,RandomPlayer
-738525365,Azul,3,ROUND_OVER,77,10,2,93,,6,,,,,,,,,,,,,,,2,,,,9.0,MCTSPlayer,0.0,4.5,9.0,RandomPlayer
-738525365,Azul,4,ROUND_OVER,100,11,2,93,,,,,,,,,,,,,,,,,,,14,8,10.0,MCTSPlayer,5.0,10.0,15.0,RandomPlayer
736124786,Azul,0,ROUND_OVER,16,8,2,94,,,,,,0,4,,,,,,,,,,,,,,0.0,MCTSPlayer,0.0,0.0,0.0,RandomPlayer
736124786,Azul,1,ROUND_OVER,35,9,2,94,2,,,,1,,,,,,,,,,,,,,,,2.0,MCTSPlayer,0.0,1.0,2.0,RandomPlayer
736124786,Azul,2,ROUND_OVER,54,9,2,94,,,1,6,,,,,,,,,,,,,,,,,6.0,MCTSPlayer,0.0,3.0,6.0,RandomPlayer
736124786,Azul,3,ROUND_OVER,73,9,2,94,,1,,,,,,,,,,,,,,,6,,,,12.0,MCTSPlayer,0.0,6.0,12.0,RandomPlayer
736124786,Azul,4,ROUND_OVER,92,9,2,94,,,,,,,,,,,,,,,,,,,4,4,15.0,MCTSPlayer,4.0,11.5,19.0,RandomPlayer
138500524,Azul,0,ROUND_OVER,18,9,2,95,,,,,,6,0,,,,,,,,,,,,,,0.0,RandomPlayer,0.0,0.0,0.0,MCTSPlayer
138500524,Azul,1,ROUND_OVER,37,9,2,95,11,,,,1,,,,,,,,,,,,,,,,3.0,RandomPlayer,3.0,1.5,0.0,MCTSPlayer
138500524,Azul,2,ROUND_OVER,56,9,2,95,,,14,1,,,,,,,,,,,,,,,,,4.0,RandomPlayer,4.0,2.0,0.0,MCTSPlayer
138500524,Azul,3,ROUND_OVER,75,9,2,95,,1,,,,,,,,,,,,,,,11,,,,8.0,RandomPlayer,8.0,4.0,0.0,MCTSPlayer
138500524,Azul,4,ROUND_OVER,96,10,2,95,,,,,,,,,,,,,,,,,,,14,4,9.0,RandomPlayer,11.0,6.5,2.0,MCTSPlayer
-563787748,Azul,0,ROUND_OVER,16,8,2,96,,,,,,1,0,,,,,,,,,,,,,,0.0,MCTSPlayer,0.0,0.0,0.0,RandomPlayer
-563787748,Azul,1,ROUND_OVER,37,10,2,96,1,,,,8,,,,,,,,,,,,,,,,2.0,MCTSPlayer,1.0,2.0,3.0,RandomPlayer
-563787748,Azul,2,ROUND_OVER,54,8,2,96,,,4,8,,,,,,,,,,,,,,,,,6.0,MCTSPlayer,0.0,3.0,6.0,RandomPlayer
-563787748,Azul,3,ROUND_OVER,73,9,2,96,,11,,,,,,,,,,,,,,,4,,,,8.0,MCTSPlayer,0.0,4.0,8.0,RandomPlayer
-563787748,Azul,4,ROUND_OVER,92,9,2,96,,,,,,,,,,,,,,,,,,,4,11,8.0,MCTSPlayer,0.0,4.0,8.0,RandomPlayer
-563787748,Azul,5,ROUND_OVER,111,9,2,96,,,,,,,,,,,,,6,,,,,11,,,9.0,MCTSPlayer,0.0,4.5,9.0,RandomPlayer
84199897,Azul,0,ROUND_OVER,20,10,2,97,,,,,,0,4,,,,,,,,,,,,,,0.0,MCTSPlayer,0.0,0.0,0.0,RandomPlayer
84199897,Azul,1,ROUND_OVER,39,9,2,97,2,,,,2,,,,,,,,,,,,,,,,2.0,MCTSPlayer,0.0,1.0,2.0,RandomPlayer
84199897,Azul,2,ROUND_OVER,58,9,2,97,,,6,1,,,,,,,,,,,,,,,,,4.0,MCTSPlayer,0.0,2.0,4.0,RandomPlayer
84199897,Azul,3,ROUND_OVER,77,9,2,97,,4,,,,,,,,,,,,,,,0,,,,1.0,MCTSPlayer,5.0,5.5,6.0,RandomPlayer
84199897,Azul,4,ROUND_OVER,96,9,2,97,,,,,,,,,,,,,,,,,,,6,8,13.0,MCTSPlayer,4.0,10.5,17.0,RandomPlayer
-1279054539,Azul,0,ROUND_OVER,16,8,2,98,,,,,,1,0,,,,,,,,,,,,,,0.0,RandomPlayer,0.0,0.0,0.0,MCTSPlayer
-1279054539,Azul,1,ROUND_OVER,37,10,2,98,8,,,,2,,,,,,,,,,,,,,,,4.0,RandomPlayer,4.0,2.0,0.0,MCTSPlayer
-1279054539,Azul,2,ROUND_OVER,56,9,2,98,,,14,1,,,,,,,,,,,,,,,,,10.0,RandomPlayer,10.0,5.0,0.0,MCTSPlayer
-1279054539,Azul,3,ROUND_OVER,77,10,2,98,,1,,,,,,,,,,,,,,,14,,,,12.0,RandomPlayer,12.0,6.0,0.0,MCTSPlayer
-1279054539,Azul,4,ROUND_OVER,96,9,2,98,,,,,,,,,,,,,,,,,,,6,2,15.0,RandomPlayer,15.0,7.5,0.0,MCTSPlayer
-1258549801,Azul,0,ROUND_OVER,16,8,2,99,,,,,,0,4,,,,,,,,,,,,,,0.0,MCTSPlayer,0.0,0.0,0.0,RandomPlayer
-1258549801,Azul,1,ROUND_OVER,39,11,2,99,1,,,,4,,,,,,,,,,,,,,,,2.0,MCTSPlayer,0.0,1.0,2.0,RandomPlayer
-1258549801,Azul,2,ROUND_OVER,56,8,2,99,,,4,14,,,,,,,,,,,,,,,,,3.0,MCTSPlayer,0.0,1.5,3.0,RandomPlayer
-1258549801,Azul,3,ROUND_OVER,73,8,2,99,,14,,,,,,,,,,,,,,,6,,,,7.0,MCTSPlayer,0.0,3.5,7.0,RandomPlayer
-1258549801,Azul,4,ROUND_OVER,92,9,2,99,,,,,,,,,,,,,,,,,,,2,6,6.0,MCTSPlayer,0.0,3.0,6.0,RandomPlayer
-471513157,Azul,0,ROUND_OVER,20,10,2,100,,,,,,4,0,,,,,,,,,,,,,,0.0,RandomPlayer,0.0,0.0,0.0,MCTSPlayer
-471513157,Azul,1,ROUND_OVER,39,9,2,100,14,,,,2,,,,,,,,,,,,,,,,2.0,RandomPlayer,2.0,1.0,0.0,MCTSPlayer
-471513157,Azul,2,ROUND_OVER,58,9,2,100,,,14,4,,,,,,,,,,,,,,,,,5.0,RandomPlayer,5.0,2.5,0.0,MCTSPlayer
-471513157,Azul,3,ROUND_OVER,77,9,2,100,,0,,,,,,,,,,,,,,,14,,,,9.0,RandomPlayer,9.0,4.5,0.0,MCTSPlayer
-471513157,Azul,4,ROUND_OVER,100,11,2,100,,,,,,,,,,,,,,,,,,,8,4,9.0,RandomPlayer,9.0,4.5,0.0,MCTSPlayer
-471513157,Azul,5,ROUND_OVER,123,11,2,100,,,,,,,,,,,,,14,,,,,1,,,13.0,RandomPlayer,13.0,6.5,0.0,MCTSPlayer
-471513157,Azul,6,ROUND_OVER,142,9,2,100,,,,,,,,,,,,,,,14,1,,,,,22.0,RandomPlayer,22.0,11.0,0.0,MCTSPlayer
-471513157,Azul,7,ROUND_OVER,165,11,2,100,,,,,,,,,14,,,,,8,,,,,,,25.0,RandomPlayer,25.0,12.5,0.0,MCTSPlayer
-995361264,Azul,0,ROUND_OVER,18,9,2,101,,,,,,2,0,,,,,,,,,,,,,,0.0,RandomPlayer,0.0,0.0,0.0,MCTSPlayer
-995361264,Azul,1,ROUND_OVER,37,9,2,101,2,,,,1,,,,,,,,,,,,,,,,3.0,RandomPlayer,4.0,2.5,1.0,MCTSPlayer
-995361264,Azul,2,ROUND_OVER,58,10,2,101,,,11,2,,,,,,,,,,,,,,,,,10.0,RandomPlayer,11.0,6.0,1.0,MCTSPlayer
-995361264,Azul,3,ROUND_OVER,83,12,2,101,,14,,,,,,,,,,,,,,,8,,,,10.0,RandomPlayer,10.0,5.0,0.0,MCTSPlayer
-995361264,Azul,4,ROUND_OVER,102,9,2,101,,,,,,,,,,,,,,,,,,,14,0,2.0,RandomPlayer,2.0,1.0,0.0,MCTSPlayer
